BEGIN TRANSACTION;
CREATE TABLE visits(name varchar, shop varchar);
INSERT INTO `visits` VALUES ('abigail manuel','bean and gone'),
 ('adrien britt','cafe mode'),
 ('adrien britt','sweetbrew'),
 ('adrien britt','the brim'),
 ('aisha carlson','cocoa coffee'),
 ('aisha carlson','eight acres cafe'),
 ('aisha carlson','espresso joe'),
 ('aisha carlson','potluck'),
 ('aisha carlson','the boardwalk'),
 ('aisha carlson','the little cafe'),
 ('aja donaldson','7 monks cafe'),
 ('aja donaldson','brekky cafe'),
 ('aja donaldson','coffee lab'),
 ('aja donaldson','royal coffee'),
 ('aja donaldson','the cs457 cafe'),
 ('alex leblanc','basin cafe'),
 ('alex leblanc','cafe thirteen'),
 ('alex leblanc','coffeeville'),
 ('alex leblanc','flip cafe'),
 ('alex leblanc','sugar cube cafe'),
 ('alice kinney','kings cafe'),
 ('alice kinney','potluck'),
 ('alpha burnett','cafe culture'),
 ('alpha burnett','coffee central'),
 ('alpha burnett','globe'),
 ('alpha burnett','myriad'),
 ('alpha burnett','urban'),
 ('amy craft','basin cafe'),
 ('amy craft','basket & green'),
 ('amy craft','edge cafe'),
 ('amy craft','spectrum cafe'),
 ('amy craft','yo yo coffee'),
 ('andree rowland','cafe 2.0'),
 ('andree rowland','cinammon cafe'),
 ('andree rowland','stillwater cafe'),
 ('andree rowland','sugar cube cafe'),
 ('andree rowland','the parlour'),
 ('angelic wiley','cocoa coffee'),
 ('angelic wiley','potluck'),
 ('angelic wiley','star cafe and coffee'),
 ('angelic wiley','the cs457 cafe'),
 ('angelo knapp','cinammon cafe'),
 ('angelo knapp','coffee 101'),
 ('angelo knapp','edge cafe'),
 ('angelo knapp','kaffeinate'),
 ('anneliese goins','cafe bellissimo'),
 ('annelle chaney','cafe mode'),
 ('annette holloway','edge cafe'),
 ('annette holloway','le cafe'),
 ('annette holloway','sugar cube cafe'),
 ('annette holloway','the lab'),
 ('antoinette cook','cafe arabica'),
 ('antoinette cook','cafe mode'),
 ('antoinette cook','coffee hut'),
 ('antoinette cook','edge cafe'),
 ('antoinette cook','interact coffeehouse'),
 ('antoinette cook','parisian cafe'),
 ('antoinette cook','temptations'),
 ('antoinette cook','the coffee lounge'),
 ('antoinette cook','the hideout'),
 ('antonio hernandez','cafe culture'),
 ('antonio hernandez','cocobean'),
 ('antonio hernandez','coffee hut'),
 ('antonio hernandez','coffee shot'),
 ('antonio hernandez','epic cafe'),
 ('antonio hernandez','interact coffeehouse'),
 ('arianna gonzalez','beans and cream'),
 ('arianna gonzalez','cafe latte'),
 ('arianna gonzalez','coffee lab'),
 ('arianna gonzalez','coffeeville'),
 ('arianna gonzalez','robusta cafe'),
 ('arianna gonzalez','sweet treats'),
 ('arianna gonzalez','sweetbrew'),
 ('arianna gonzalez','yummies coffee shop'),
 ('arie quinones','95 degrees'),
 ('arie quinones','cafe culture'),
 ('arie quinones','cafe pronto'),
 ('arie quinones','coffee crew'),
 ('arie quinones','epic cafe'),
 ('arie quinones','spoonful cafe'),
 ('arie quinones','temptations'),
 ('arie quinones','uncle joe'),
 ('ashleigh haynes','beans and cream'),
 ('ashleigh haynes','cafe java'),
 ('ashleigh haynes','coffee and cake'),
 ('ashleigh haynes','flip cafe'),
 ('ashleigh haynes','le cafe'),
 ('ashleigh haynes','stillwater cafe'),
 ('ashleigh haynes','sweetbrew'),
 ('ashleigh haynes','the antique'),
 ('ashleigh haynes','waffle on'),
 ('beatris shepard','cafe mode'),
 ('beatris shepard','myriad'),
 ('bernarda hansen','brekky cafe'),
 ('bernarda hansen','cocoa coffee'),
 ('bernarda hansen','cosy coffee'),
 ('bernarda hansen','robusta cafe'),
 ('berry rosales','basin cafe'),
 ('berry rosales','the atrium'),
 ('betty hamm','bits and bites'),
 ('betty hamm','the hideout'),
 ('billy kidd','coffee break cafe'),
 ('blanch coffman','7 monks cafe'),
 ('blanch coffman','cinammon cafe'),
 ('blanch coffman','old cafe'),
 ('blanch coffman','riverside cafe'),
 ('blanch coffman','spectrum cafe'),
 ('blanch coffman','steaming mugs'),
 ('blanch coffman','the lab'),
 ('blanch coffman','yummies coffee shop'),
 ('breanna warner','cafe italia'),
 ('breanna warner','cocoa coffee'),
 ('breanna warner','coffee central'),
 ('breanna warner','coffee lab'),
 ('breanna warner','coffee shot'),
 ('breanna warner','spoonful cafe'),
 ('breanna warner','the atrium'),
 ('breanna warner','the cs457 cafe'),
 ('breanna warner','urban'),
 ('bridgette stevenson','basket & green'),
 ('bridgette stevenson','cafe thirteen'),
 ('bridgette stevenson','coffee shot'),
 ('bridgette stevenson','edge cafe'),
 ('bridgette stevenson','honest coffeehouse'),
 ('bridgette stevenson','interact coffeehouse'),
 ('bridgette stevenson','sweet treats'),
 ('bridgette stevenson','the coffee grinder'),
 ('brittany rodgers','basket & green'),
 ('brittany rodgers','espresso joe'),
 ('brittany rodgers','inside cafe'),
 ('brittany rodgers','riverside cafe'),
 ('brittany rodgers','sweetbrew'),
 ('brittany rodgers','the busy bean'),
 ('brittany rodgers','the jam jar'),
 ('camelia conway','coffeeville'),
 ('camelia conway','sugar cube cafe'),
 ('camelia conway','zest'),
 ('cammy thomas','aroma coffee'),
 ('cammy thomas','bean and gone'),
 ('cammy thomas','cafe culture'),
 ('cammy thomas','cafe italia'),
 ('cammy thomas','interact coffeehouse'),
 ('cammy thomas','star cafe and coffee'),
 ('cammy thomas','the hideout'),
 ('candy marsh','cafe continental'),
 ('candy marsh','coffee hut'),
 ('candy marsh','providence cafe'),
 ('candy marsh','spoonful cafe'),
 ('candy marsh','the antique'),
 ('candy marsh','the little cafe'),
 ('carlee wilson','basket & green'),
 ('carlee wilson','cafe arabica'),
 ('carlee wilson','cafe latte'),
 ('carlee wilson','capital coffee'),
 ('carlee wilson','cocoa coffee'),
 ('carlee wilson','honest coffeehouse'),
 ('carlee wilson','the coffee lounge'),
 ('carlee wilson','the cs457 cafe'),
 ('carlee wilson','yo yo coffee'),
 ('carlena head','bits and bites'),
 ('carlena head','cafe mode'),
 ('carlena head','cafe pronto'),
 ('carmella richards','cafe 2.0'),
 ('carmella richards','cafe arabica'),
 ('carmella richards','dream bean cafe'),
 ('carmella richards','inside cafe'),
 ('carmella richards','old cafe'),
 ('carmella richards','royal coffee'),
 ('carmella richards','urban'),
 ('carmella richards','yo yo coffee'),
 ('carolyne west','cafe arabica'),
 ('carolyne west','coffee crew'),
 ('carolyne west','potluck'),
 ('carolyne west','the parlour'),
 ('carolyne west','uncle joe'),
 ('catharine elkins','honest coffeehouse'),
 ('catharine elkins','le cafe'),
 ('catherina hendrix','7 monks cafe'),
 ('catherina hendrix','cafe continental'),
 ('catherina hendrix','coffee 101'),
 ('catherina hendrix','eastside cafe'),
 ('catherina hendrix','espresso joe'),
 ('catherina hendrix','fresh'),
 ('catherina hendrix','riverside cafe'),
 ('catherina hendrix','the lab'),
 ('catherina hendrix','zest'),
 ('cathy key','cafe continental'),
 ('cathy key','cafe culture'),
 ('cathy key','coffeeville'),
 ('cathy key','potluck'),
 ('cathy key','the daily grind'),
 ('cathy key','the lab'),
 ('cathy key','tulips cafe'),
 ('catrice kelly','cafe culture'),
 ('catrice kelly','cafe mode'),
 ('catrice kelly','coffee and cake'),
 ('catrice kelly','coffee republic'),
 ('catrice kelly','potluck'),
 ('catrice kelly','the little cafe'),
 ('catrice kelly','tulips cafe'),
 ('cayla kennedy','cinammon cafe'),
 ('cayla kennedy','coffee break cafe'),
 ('cayla kennedy','coffee republic'),
 ('chantelle arnold','potluck'),
 ('charita larson','coffee 101'),
 ('charita larson','coffee hut'),
 ('charita larson','robusta cafe'),
 ('charita larson','the atrium'),
 ('charita larson','the coffee grinder'),
 ('charita larson','the jam jar'),
 ('charita larson','yummies coffee shop'),
 ('charla crum','basin cafe'),
 ('charlotte griffin','cafe java'),
 ('charlotte griffin','coffee republic'),
 ('charlotte griffin','hillside'),
 ('charlotte griffin','the jam jar'),
 ('charmain lindsay','cinammon cafe'),
 ('charmain lindsay','cocobean'),
 ('charmain lindsay','inside cafe'),
 ('charmain lindsay','riverside cafe'),
 ('charmain lindsay','the coffee grinder'),
 ('chasity sims','sweetbrew'),
 ('cherie gallegos','coffee 101'),
 ('cherie gallegos','coffee central'),
 ('cherie gallegos','dream bean cafe'),
 ('cherie gallegos','eastside cafe'),
 ('cherie gallegos','espresso joe'),
 ('cherie gallegos','kings cafe'),
 ('cherie gallegos','old cafe'),
 ('cherie gallegos','the cube'),
 ('cherie gallegos','urban'),
 ('cindi walden','cocobean'),
 ('cindi walden','the boardwalk'),
 ('cindi walden','the cs457 cafe'),
 ('clair horn','basin cafe'),
 ('clair horn','espresso joe'),
 ('clair horn','flip cafe'),
 ('clair horn','fresh'),
 ('clair horn','streets cafe'),
 ('clair horn','the boardwalk'),
 ('clair horn','the cs457 cafe'),
 ('clair horn','the lab'),
 ('clair horn','town & country coffee'),
 ('clarisa casey','7 monks cafe'),
 ('clarisa casey','cocobean'),
 ('clarisa casey','coffee republic'),
 ('clarisa casey','steaming mugs'),
 ('clarisa casey','the coffee grinder'),
 ('clarisa casey','the jam jar'),
 ('clarisa casey','town & country coffee'),
 ('clarisa casey','uncle joe'),
 ('concha cowan','capital coffee'),
 ('concha cowan','edge cafe'),
 ('concha cowan','sweet treats'),
 ('connie glover','cafe latte'),
 ('connie glover','cinammon cafe'),
 ('connie glover','coffee crew'),
 ('connie glover','the cube'),
 ('connie glover','town & country coffee'),
 ('corey hammond','7 monks cafe'),
 ('corey hammond','star cafe and coffee'),
 ('corey hammond','the coffee grinder'),
 ('corey hammond','the daily grind'),
 ('cristi tran','bean and gone'),
 ('cristi tran','cocobean'),
 ('cristi tran','coffee republic'),
 ('cristi tran','eastside cafe'),
 ('cristi tran','essence cafe'),
 ('cristi tran','old cafe'),
 ('cristi tran','uncle joe'),
 ('cristi tran','urban'),
 ('cristy bergeron','cosy coffee'),
 ('cristy bergeron','the boardwalk'),
 ('cristy bergeron','the daily grind'),
 ('dallas sloan','95 degrees'),
 ('dallas sloan','basket & green'),
 ('dallas sloan','coffee break cafe'),
 ('dallas sloan','cosy coffee'),
 ('dallas sloan','spectrum cafe'),
 ('dallas sloan','sweet treats'),
 ('danette kerr','beans and cream'),
 ('danette kerr','cafe 2.0'),
 ('danette kerr','coffee and cake'),
 ('danette kerr','coffee hut'),
 ('darcey mendez','basin cafe'),
 ('darcey mendez','cafe bellissimo'),
 ('darcey mendez','cafe culture'),
 ('darcey mendez','capital coffee'),
 ('darcey mendez','temptations'),
 ('darcey mendez','the boardwalk'),
 ('darlena madden','bean and gone'),
 ('darlena madden','cosy coffee'),
 ('darlena madden','myriad'),
 ('darlena madden','the brim'),
 ('daryl shaffer','aroma coffee'),
 ('daryl shaffer','cafe italia'),
 ('daryl shaffer','cafe plus'),
 ('daryl shaffer','le cafe'),
 ('daryl shaffer','myriad'),
 ('daryl shaffer','providence cafe'),
 ('deb saunders','aroma coffee'),
 ('deb saunders','cosy coffee'),
 ('deb saunders','le cafe'),
 ('deb saunders','providence cafe'),
 ('deborah wooten','spoonful cafe'),
 ('debroah cummings','aroma coffee'),
 ('debroah cummings','cafe bellissimo'),
 ('debroah cummings','cafe continental'),
 ('debroah cummings','spoonful cafe'),
 ('debroah cummings','the barracks'),
 ('debroah cummings','the coffee grinder'),
 ('debroah cummings','yo yo coffee'),
 ('debroah cummings','yummies coffee shop'),
 ('deidra gill','95 degrees'),
 ('deidra gill','cafe bellissimo'),
 ('deidra gill','dream bean cafe'),
 ('deidra gill','essence cafe'),
 ('deidra gill','kings cafe'),
 ('deidra gill','streets cafe'),
 ('deidre buck','essence cafe'),
 ('deidre buck','star cafe and coffee'),
 ('deidre buck','the parlour'),
 ('deneen kessler','cafe italia'),
 ('deneen kessler','cafe latte'),
 ('deneen kessler','coffee central'),
 ('deneen kessler','cosy coffee'),
 ('deneen kessler','country lane cafe'),
 ('deneen kessler','dream bean cafe'),
 ('deneen kessler','honest coffeehouse'),
 ('deneen kessler','the coffee grinder'),
 ('deneen kessler','the hideout'),
 ('dianne yarbrough','cafe italia'),
 ('dianne yarbrough','cafe thirteen'),
 ('dianne yarbrough','flip cafe'),
 ('dianne yarbrough','streets cafe'),
 ('dianne yarbrough','the coffee lounge'),
 ('dianne yarbrough','the little cafe'),
 ('dianne yarbrough','urban'),
 ('dierdre maddox','bits and bites'),
 ('dierdre maddox','country lane cafe'),
 ('dierdre maddox','sugar cube cafe'),
 ('dierdre maddox','zest'),
 ('donetta long','bits and bites'),
 ('donetta long','cafe 2.0'),
 ('donetta long','dream bean cafe'),
 ('dorinda macdonald','basin cafe'),
 ('dorinda macdonald','coffee 101'),
 ('dorinda macdonald','coffee central'),
 ('dorinda macdonald','espresso joe'),
 ('dorinda macdonald','honest coffeehouse'),
 ('dorinda macdonald','le cafe'),
 ('dorinda macdonald','urban'),
 ('dorthea rogers','flip cafe'),
 ('dorthea rogers','fresh'),
 ('dorthea rogers','potluck'),
 ('dorthea rogers','royal coffee'),
 ('dorthey bland','coffee 101'),
 ('dorthey bland','coffee and cake'),
 ('dorthey bland','coffeeville'),
 ('dorthey bland','riverside cafe'),
 ('dorthey bland','sweetbrew'),
 ('dorthey bland','the little cafe'),
 ('dorthey bland','tulips cafe'),
 ('dorthey bland','waffle on'),
 ('drucilla milton','7 monks cafe'),
 ('drucilla milton','coffee central'),
 ('dung reeves','coffee central'),
 ('dung reeves','coffee shot'),
 ('dung reeves','kings cafe'),
 ('dung reeves','spoonful cafe'),
 ('dung reeves','steaming mugs'),
 ('dung reeves','stillwater cafe'),
 ('dung reeves','sugar cube cafe'),
 ('dwana blackwell','cafe java'),
 ('dwana blackwell','coffee republic'),
 ('dwana blackwell','essence cafe'),
 ('dwana blackwell','flamenco'),
 ('dwana blackwell','flip cafe'),
 ('dwana blackwell','the hideout'),
 ('dwana blackwell','zest'),
 ('earlean whitney','capital coffee'),
 ('earlean whitney','coffee and cake'),
 ('earlean whitney','flamenco'),
 ('earlean whitney','robusta cafe'),
 ('earlean whitney','the parlour'),
 ('eboni christian','fresh'),
 ('edith ross','7 monks cafe'),
 ('edith ross','aroma coffee'),
 ('edith ross','cinammon cafe'),
 ('edith ross','coffee crew'),
 ('edith ross','coffee lab'),
 ('eleanor bartlett','cafe java'),
 ('eleanor bartlett','spoonful cafe'),
 ('eleanor bartlett','the antique'),
 ('eleanor bartlett','waffle on'),
 ('eleanor bartlett','zest'),
 ('elina rojas','7 monks cafe'),
 ('elina rojas','beans and cream'),
 ('elina rojas','cafe mode'),
 ('elina rojas','coffee and cake'),
 ('elina rojas','country lane cafe'),
 ('elina rojas','the coffee grinder'),
 ('elina rojas','the parlour'),
 ('elina rojas','uncle joe'),
 ('elina rojas','waffle on'),
 ('elly bullock','basin cafe'),
 ('elly bullock','country lane cafe'),
 ('elly bullock','royal coffee'),
 ('elly bullock','waterfront'),
 ('elly bullock','yo yo coffee'),
 ('elouise riley','7 monks cafe'),
 ('elouise riley','dream bean cafe'),
 ('elouise riley','royal coffee'),
 ('elouise riley','the antique'),
 ('epifania lester','aroma coffee'),
 ('epifania lester','cafe java'),
 ('epifania lester','cinammon cafe'),
 ('epifania lester','coffee crew'),
 ('epifania lester','express-o coffee'),
 ('epifania lester','globe'),
 ('epifania lester','inside cafe'),
 ('epifania lester','myriad'),
 ('epifania lester','waffle on'),
 ('erma gonzales','7 monks cafe'),
 ('erma gonzales','bean and gone'),
 ('erma gonzales','myriad'),
 ('erma gonzales','the atrium'),
 ('erma gonzales','uncle joe'),
 ('ernestina tracy','coffee shot'),
 ('ernestina tracy','espresso joe'),
 ('ernestina tracy','parisian cafe'),
 ('ernestina tracy','robusta cafe'),
 ('ernestina tracy','sweetbrew'),
 ('ernestina tracy','the antique'),
 ('ernestina tracy','waffle on'),
 ('ernestina tracy','zest'),
 ('ernestina tracy','zone cafe'),
 ('esta solis','bean and gone'),
 ('esta solis','eight acres cafe'),
 ('esta solis','globe'),
 ('esta solis','spectrum cafe'),
 ('esta solis','spoonful cafe'),
 ('esta solis','the village cafe'),
 ('esta solis','waffle on'),
 ('estela talley','brekky cafe'),
 ('estela talley','capital coffee'),
 ('estela talley','epic cafe'),
 ('estela talley','stillwater cafe'),
 ('felice dunn','interact coffeehouse'),
 ('felicitas kaufman','capital coffee'),
 ('felicitas kaufman','flamenco'),
 ('felicitas kaufman','kaffeinate'),
 ('florine hanson','cafe continental'),
 ('florine hanson','coffee lab'),
 ('florine hanson','hillside'),
 ('florine hanson','the daily grind'),
 ('gay seymour','7 monks cafe'),
 ('gay seymour','coffee 101'),
 ('gay seymour','coffee shot'),
 ('gay seymour','epic cafe'),
 ('gay seymour','essence cafe'),
 ('gay seymour','hillside'),
 ('gena christopher','basket & green'),
 ('gena christopher','cafe culture'),
 ('gena christopher','cinammon cafe'),
 ('gena christopher','coffee hut'),
 ('gena christopher','hillside'),
 ('gena christopher','the cs457 cafe'),
 ('gena christopher','the little cafe'),
 ('gena christopher','town & country coffee'),
 ('genevie mullins','coffee and cake'),
 ('genevie mullins','stillwater cafe'),
 ('genevie mullins','the antique'),
 ('genevie mullins','the brim'),
 ('genevie mullins','the little cafe'),
 ('gina cox','cafe bellissimo'),
 ('gina cox','cafe java'),
 ('gina cox','coffee republic'),
 ('gina cox','sugar cube cafe'),
 ('grisel duncan','coffee 101'),
 ('grisel duncan','essence cafe'),
 ('grisel duncan','the antique'),
 ('grisel duncan','the coffee grinder'),
 ('grisel duncan','waterfront'),
 ('hattie calderon','cafe continental'),
 ('hattie calderon','coffee hut'),
 ('hattie calderon','parisian cafe'),
 ('hattie calderon','temptations'),
 ('hattie calderon','the coffee lounge'),
 ('hattie calderon','town & country coffee'),
 ('hermila berry','coffee lab'),
 ('hermila berry','flip cafe'),
 ('hermila berry','le cafe'),
 ('hermila berry','myriad'),
 ('hermila berry','the coffee grinder'),
 ('hermila berry','the jam jar'),
 ('hermila berry','the parlour'),
 ('hwa waters','star cafe and coffee'),
 ('idell guy','essence cafe'),
 ('idell guy','parisian cafe'),
 ('idell guy','royal coffee'),
 ('idell guy','the hideout'),
 ('idell guy','uncle joe'),
 ('idell guy','urban'),
 ('idell guy','waffle on'),
 ('ingrid dawson','town & country coffee'),
 ('iola murphy','cafe culture'),
 ('iola murphy','cafe italia'),
 ('iola murphy','cafe plus'),
 ('iola murphy','spoonful cafe'),
 ('iola murphy','the busy bean'),
 ('iola murphy','the village cafe'),
 ('iola murphy','zest'),
 ('iraida lambert','basket & green'),
 ('iraida lambert','bits and bites'),
 ('iraida lambert','cafe pronto'),
 ('iraida lambert','cafe thirteen'),
 ('iraida lambert','cocobean'),
 ('iraida lambert','kaffeinate'),
 ('isabelle curry','eastside cafe'),
 ('isabelle curry','myriad'),
 ('isidra ayers','cafe plus'),
 ('isidra ayers','coffee republic'),
 ('isidra ayers','flamenco'),
 ('isidra ayers','the cube'),
 ('jamee woodward','tulips cafe'),
 ('january mcdermott','7 monks cafe'),
 ('january mcdermott','eight acres cafe'),
 ('jeanna olson','95 degrees'),
 ('jeanna olson','cafe culture'),
 ('jeanna olson','coffee and cake'),
 ('jeanna olson','temptations'),
 ('jeanna olson','the hideout'),
 ('jeanna olson','the jam jar'),
 ('jeanna olson','the lab'),
 ('jeanna olson','town & country coffee'),
 ('jennefer roberson','coffee lab'),
 ('jennefer roberson','the village cafe'),
 ('jinny hoskins','95 degrees'),
 ('jinny hoskins','brekky cafe'),
 ('jinny hoskins','uncle joe'),
 ('joane baldwin','brekky cafe'),
 ('joane baldwin','cafe latte'),
 ('joane baldwin','coffeeville'),
 ('joane baldwin','cosy coffee'),
 ('joane baldwin','eight acres cafe'),
 ('joane baldwin','myriad'),
 ('joane baldwin','providence cafe'),
 ('joane baldwin','streets cafe'),
 ('jodee grant','cafe java'),
 ('jodee grant','coffeeville'),
 ('joette sutton','cafe italia'),
 ('joette sutton','coffee break cafe'),
 ('joette sutton','flamenco'),
 ('joette sutton','globe'),
 ('joette sutton','hillside'),
 ('joette sutton','spectrum cafe'),
 ('joette sutton','sugar cube cafe'),
 ('joette sutton','the daily grind'),
 ('joette sutton','zest'),
 ('joie schneider','aroma coffee'),
 ('joie schneider','express-o coffee'),
 ('joie schneider','town & country coffee'),
 ('jolene whitehead','basket & green'),
 ('jolene whitehead','espresso joe'),
 ('jolene whitehead','inside cafe'),
 ('jolene whitehead','robusta cafe'),
 ('jolene whitehead','town & country coffee'),
 ('jolene whitehead','waffle on'),
 ('jolie suarez','edge cafe'),
 ('jone lockhart','coffee crew'),
 ('jone lockhart','coffeeville'),
 ('jone lockhart','sugar cube cafe'),
 ('jone lockhart','urban'),
 ('julene blackburn','beans and cream'),
 ('julene blackburn','cafe continental'),
 ('julene blackburn','cafe thirteen'),
 ('julene blackburn','coffee and cake'),
 ('julene blackburn','cosy coffee'),
 ('julene blackburn','stillwater cafe'),
 ('julene blackburn','the brim'),
 ('julianna barry','express-o coffee'),
 ('julianna barry','interact coffeehouse'),
 ('kacey rivers','flamenco'),
 ('kacey rivers','the daily grind'),
 ('kacie orr','95 degrees'),
 ('kacie orr','cafe 2.0'),
 ('kacie orr','country lane cafe'),
 ('kacie orr','the coffee grinder'),
 ('karissa irwin','sweet treats'),
 ('karissa irwin','the coffee grinder'),
 ('karissa irwin','waterfront'),
 ('karissa irwin','zest'),
 ('karma john','bits and bites'),
 ('karma john','capital coffee'),
 ('karma john','country lane cafe'),
 ('kathryne cherry','cafe continental'),
 ('kathryne cherry','cafe plus'),
 ('kathryne cherry','cafe pronto'),
 ('kathryne cherry','flamenco'),
 ('kathryne cherry','le cafe'),
 ('kathryne cherry','spectrum cafe'),
 ('kathryne cherry','stillwater cafe'),
 ('kathryne cherry','the lab'),
 ('kathy best','kings cafe'),
 ('kathy best','sugar cube cafe'),
 ('katia deleon','bean and gone'),
 ('keith whitley','aroma coffee'),
 ('keith whitley','cafe pronto'),
 ('keith whitley','cafe thirteen'),
 ('keith whitley','cocoa coffee'),
 ('keith whitley','coffee hut'),
 ('keith whitley','kings cafe'),
 ('keith whitley','sweetbrew'),
 ('keith whitley','the coffee grinder'),
 ('keith whitley','zone cafe'),
 ('kimber goodman','cafe latte'),
 ('kimber goodman','zest'),
 ('kimberley lindsey','cafe continental'),
 ('kimberley lindsey','the coffee grinder'),
 ('kimberley lindsey','the jam jar'),
 ('kit stafford','95 degrees'),
 ('kit stafford','basket & green'),
 ('kit stafford','espresso joe'),
 ('kit stafford','globe'),
 ('kit stafford','inside cafe'),
 ('kit stafford','kaffeinate'),
 ('kit stafford','potluck'),
 ('kit stafford','spectrum cafe'),
 ('kit stafford','waffle on'),
 ('krishna neely','spectrum cafe'),
 ('krishna neely','sweetbrew'),
 ('kristian adkins','coffeeville'),
 ('kristian adkins','essence cafe'),
 ('kristian adkins','spectrum cafe'),
 ('krysta daniels','uncle joe'),
 ('kyra childs','basin cafe'),
 ('kyra childs','cinammon cafe'),
 ('kyra childs','interact coffeehouse'),
 ('kyra childs','stillwater cafe'),
 ('kyra childs','sugar cube cafe'),
 ('kyra childs','the antique'),
 ('kyra childs','the atrium'),
 ('kyra childs','the hideout'),
 ('kyra childs','the village cafe'),
 ('lane beck','coffee republic'),
 ('lane beck','star cafe and coffee'),
 ('lane beck','waffle on'),
 ('lane beck','yo yo coffee'),
 ('lashawn bush','coffee lab'),
 ('lashawn bush','the jam jar'),
 ('latasha childers','brekky cafe'),
 ('latasha childers','the coffee grinder'),
 ('latosha mueller','kaffeinate'),
 ('latosha mueller','the antique'),
 ('latosha mueller','the daily grind'),
 ('latrina tyler','95 degrees'),
 ('latrina tyler','aroma coffee'),
 ('latrina tyler','inside cafe'),
 ('latrina tyler','stillwater cafe'),
 ('latrina tyler','the daily grind'),
 ('latrina tyler','uncle joe'),
 ('lauralee webster','aroma coffee'),
 ('lauralee webster','cafe plus'),
 ('lauralee webster','the cube'),
 ('lavinia pearson','cafe continental'),
 ('lavinia pearson','cafe latte'),
 ('lavinia pearson','eastside cafe'),
 ('lavinia pearson','the antique'),
 ('lavinia pearson','the brim'),
 ('lavinia pearson','the busy bean'),
 ('lavinia pearson','the cs457 cafe'),
 ('leeanne marshall','robusta cafe'),
 ('leeanne marshall','the daily grind'),
 ('leia dalton','cafe continental'),
 ('leia dalton','espresso joe'),
 ('leia dalton','express-o coffee'),
 ('leia dalton','the coffee grinder'),
 ('leia dalton','town & country coffee'),
 ('leigha ashley','basket & green'),
 ('leigha ashley','cafe latte'),
 ('leigha ashley','cafe thirteen'),
 ('leigha ashley','capital coffee'),
 ('leigha ashley','coffee republic'),
 ('leigha ashley','eastside cafe'),
 ('leigha ashley','the barracks'),
 ('leigha ashley','the cs457 cafe'),
 ('leigha ashley','the jam jar'),
 ('lenita akers','7 monks cafe'),
 ('lenita akers','brekky cafe'),
 ('lenita akers','kaffeinate'),
 ('lenita akers','the atrium'),
 ('lenita akers','the jam jar'),
 ('lenore williams','cafe italia'),
 ('lenore williams','coffee republic'),
 ('lenore williams','edge cafe'),
 ('lenore williams','robusta cafe'),
 ('lenore williams','stillwater cafe'),
 ('lenore williams','the coffee lounge'),
 ('leola shoemaker','espresso joe'),
 ('leola shoemaker','myriad'),
 ('leola shoemaker','the atrium'),
 ('leola shoemaker','the barracks'),
 ('lesia calhoun','waffle on'),
 ('lilliam thornton','cafe thirteen'),
 ('lilliam thornton','cinammon cafe'),
 ('lilliam thornton','sweet treats'),
 ('lilliam thornton','the cs457 cafe'),
 ('lisandra gibbs','royal coffee'),
 ('lise cotton','95 degrees'),
 ('lise cotton','aroma coffee'),
 ('lise cotton','hillside'),
 ('lise cotton','riverside cafe'),
 ('lise cotton','spectrum cafe'),
 ('lise cotton','the little cafe'),
 ('lise cotton','yo yo coffee'),
 ('lise cotton','zone cafe'),
 ('lissette slaughter','cafe culture'),
 ('lissette slaughter','honest coffeehouse'),
 ('lissette slaughter','royal coffee'),
 ('lissette slaughter','temptations'),
 ('loma lawson','coffee central'),
 ('loma lawson','coffeeville'),
 ('loma lawson','flamenco'),
 ('loma lawson','myriad'),
 ('loma lawson','spoonful cafe'),
 ('loma lawson','tulips cafe'),
 ('lonnie davenport','cafe plus'),
 ('lonnie davenport','old cafe'),
 ('loreen sears','coffee and cake'),
 ('loreen sears','kings cafe'),
 ('loreen sears','temptations'),
 ('loreen sears','waterfront'),
 ('lorette eaton','basket & green'),
 ('lorette eaton','cafe 2.0'),
 ('lorette eaton','cafe java'),
 ('lorette eaton','eight acres cafe'),
 ('lorette eaton','essence cafe'),
 ('lorette eaton','interact coffeehouse'),
 ('lorette eaton','the coffee lounge'),
 ('lorette eaton','waffle on'),
 ('lorie hardin','cafe italia'),
 ('lorie hardin','myriad'),
 ('lorie hardin','yummies coffee shop'),
 ('lourie jennings','cocobean'),
 ('lourie jennings','edge cafe'),
 ('lourie jennings','temptations'),
 ('lourie jennings','the daily grind'),
 ('lourie jennings','the parlour'),
 ('love wheeler','7 monks cafe'),
 ('love wheeler','cafe 2.0'),
 ('love wheeler','temptations'),
 ('love wheeler','the atrium'),
 ('love wheeler','urban'),
 ('lucille lang','cafe italia'),
 ('lucille lang','coffee shot'),
 ('lucille lang','edge cafe'),
 ('lucille lang','flip cafe'),
 ('lucille lang','globe'),
 ('lucille lang','the jam jar'),
 ('lucille lang','the little cafe'),
 ('lucille lang','zest'),
 ('lynne shaw','aroma coffee'),
 ('lynne shaw','bits and bites'),
 ('lynne shaw','fresh'),
 ('lynne shaw','the atrium'),
 ('lynne shaw','the brim'),
 ('madalene sharp','7 monks cafe'),
 ('madalene sharp','cafe plus'),
 ('madalene sharp','cafe thirteen'),
 ('madalene sharp','kings cafe'),
 ('madalene sharp','sweet treats'),
 ('madalene sharp','tulips cafe'),
 ('madalene sharp','yummies coffee shop'),
 ('madalene sharp','zest'),
 ('malena blair','95 degrees'),
 ('marci diaz','parisian cafe'),
 ('marci diaz','sugar cube cafe'),
 ('marcia bray','cafe culture'),
 ('marcia bray','coffeeville'),
 ('marcia bray','cosy coffee'),
 ('marcia bray','honest coffeehouse'),
 ('marcia bray','royal coffee'),
 ('marcia bray','stillwater cafe'),
 ('marcia bray','the parlour'),
 ('margaretta hendricks','7 monks cafe'),
 ('margaretta hendricks','bean and gone'),
 ('margaretta hendricks','cafe plus'),
 ('margaretta hendricks','coffee and cake'),
 ('margaretta hendricks','essence cafe'),
 ('margaretta hendricks','flip cafe'),
 ('margaretta hendricks','globe'),
 ('margaretta hendricks','inside cafe'),
 ('margaretta hendricks','the atrium'),
 ('mari mcginnis','cocobean'),
 ('mari mcginnis','inside cafe'),
 ('mari mcginnis','the hideout'),
 ('mariko foley','cafe 2.0'),
 ('mariko foley','cafe italia'),
 ('mariko foley','cafe java'),
 ('mariko foley','honest coffeehouse'),
 ('mariko foley','steaming mugs'),
 ('mariko foley','sweet treats'),
 ('mariko foley','the village cafe'),
 ('marin cooper','brekky cafe'),
 ('marin cooper','coffee lab'),
 ('marin cooper','coffeeville'),
 ('marin cooper','the lab'),
 ('mario sexton','cafe continental'),
 ('mario sexton','cinammon cafe'),
 ('mario sexton','espresso joe'),
 ('mario sexton','spoonful cafe'),
 ('mario sexton','stillwater cafe'),
 ('mario sexton','the atrium'),
 ('mario sexton','tulips cafe'),
 ('marla heard','cafe culture'),
 ('marla heard','cafe plus'),
 ('marla heard','coffee break cafe'),
 ('marla heard','espresso joe'),
 ('marla heard','flamenco'),
 ('marla heard','old cafe'),
 ('marla heard','robusta cafe'),
 ('marla heard','star cafe and coffee'),
 ('marla heard','the coffee grinder'),
 ('maryam delaney','edge cafe'),
 ('maryellen hilton','cafe continental'),
 ('maryellen hilton','cocobean'),
 ('maryellen hilton','coffee lab'),
 ('maryellen hilton','cosy coffee'),
 ('maryellen hilton','country lane cafe'),
 ('maryellen hilton','interact coffeehouse'),
 ('maryellen hilton','the lab'),
 ('maryland workman','coffee and cake'),
 ('maryland workman','sweetbrew'),
 ('maryland workman','town & country coffee'),
 ('maryln meyer','7 monks cafe'),
 ('maryln meyer','cafe thirteen'),
 ('maryln meyer','epic cafe'),
 ('maryln meyer','myriad'),
 ('maryln meyer','sugar cube cafe'),
 ('maryln meyer','the cube'),
 ('matilde atkinson','flip cafe'),
 ('maud buckner','brekky cafe'),
 ('maud buckner','capital coffee'),
 ('maud buckner','coffee lab'),
 ('maud buckner','coffeeville'),
 ('maud buckner','the daily grind'),
 ('maud buckner','the hideout'),
 ('maybelle thompson','cafe plus'),
 ('maybelle thompson','eastside cafe'),
 ('maybelle thompson','flip cafe'),
 ('maybelle thompson','honest coffeehouse'),
 ('maybelle thompson','parisian cafe'),
 ('maybelle thompson','sweetbrew'),
 ('maybelle thompson','yo yo coffee'),
 ('melania branch','basket & green'),
 ('melania branch','coffee and cake'),
 ('melania branch','inside cafe'),
 ('melania branch','kaffeinate'),
 ('melania branch','the brim'),
 ('melania branch','the hideout'),
 ('melania branch','zest'),
 ('melisa rucker','temptations'),
 ('melvina ellison','basket & green'),
 ('melvina ellison','brekky cafe'),
 ('melvina ellison','cafe thirteen'),
 ('melvina ellison','interact coffeehouse'),
 ('melvina ellison','sweet treats'),
 ('melvina ellison','zone cafe'),
 ('meridith cochran','aroma coffee'),
 ('meridith cochran','cafe mode'),
 ('meridith cochran','cocobean'),
 ('meta richardson','coffee shot'),
 ('michelina reyes','coffee republic'),
 ('michiko ray','cafe arabica'),
 ('michiko ray','cafe mode'),
 ('michiko ray','eastside cafe'),
 ('michiko ray','edge cafe'),
 ('michiko ray','flamenco'),
 ('michiko ray','le cafe'),
 ('michiko ray','old cafe'),
 ('michiko ray','temptations'),
 ('michiko ray','the antique'),
 ('milda cobb','cafe culture'),
 ('milda cobb','essence cafe'),
 ('milda cobb','express-o coffee'),
 ('milda cobb','sweetbrew'),
 ('milda cobb','temptations'),
 ('milda cobb','the coffee grinder'),
 ('milda cobb','the hideout'),
 ('minda farmer','cafe continental'),
 ('minda farmer','cocoa coffee'),
 ('minda farmer','the brim'),
 ('minda farmer','the coffee lounge'),
 ('minda farmer','the cs457 cafe'),
 ('monika bowling','cafe plus'),
 ('monika bowling','country lane cafe'),
 ('monika bowling','dream bean cafe'),
 ('monika bowling','parisian cafe'),
 ('monika bowling','riverside cafe'),
 ('monika bowling','stillwater cafe'),
 ('monika bowling','the brim'),
 ('myrle polk','cafe latte'),
 ('myrle polk','coffee 101'),
 ('myrle polk','coffee break cafe'),
 ('myrle polk','flamenco'),
 ('myrle polk','inside cafe'),
 ('myrle polk','kings cafe'),
 ('myrle polk','providence cafe'),
 ('myrle polk','town & country coffee'),
 ('noma harris','95 degrees'),
 ('noma harris','brekky cafe'),
 ('noma harris','cafe arabica'),
 ('noma harris','coffee break cafe'),
 ('noma harris','parisian cafe'),
 ('nona joyner','epic cafe'),
 ('nona joyner','espresso joe'),
 ('nona joyner','fresh'),
 ('nona joyner','hillside'),
 ('nona joyner','sugar cube cafe'),
 ('nona joyner','the cube'),
 ('nona joyner','the village cafe'),
 ('noreen wall','coffee central'),
 ('noreen wall','interact coffeehouse'),
 ('noreen wall','sweetbrew'),
 ('norma stanton','basin cafe'),
 ('norma stanton','cafe arabica'),
 ('norma stanton','cafe italia'),
 ('norma stanton','cinammon cafe'),
 ('norma stanton','cocobean'),
 ('norma stanton','fresh'),
 ('norma stanton','star cafe and coffee'),
 ('norma stanton','the lab'),
 ('odelia olsen','cafe thirteen'),
 ('odelia olsen','cocobean'),
 ('odelia olsen','coffee republic'),
 ('odelia olsen','star cafe and coffee'),
 ('odelia olsen','steaming mugs'),
 ('odelia olsen','the antique'),
 ('odelia olsen','the atrium'),
 ('odelia olsen','the jam jar'),
 ('odelia olsen','yummies coffee shop'),
 ('palmira mitchell','parisian cafe'),
 ('palmira mitchell','robusta cafe'),
 ('palmira mitchell','waffle on'),
 ('patsy holt','kaffeinate'),
 ('patsy holt','the coffee lounge'),
 ('patsy holt','zest'),
 ('petronila floyd','aroma coffee'),
 ('petronila floyd','cocoa coffee'),
 ('petronila floyd','edge cafe'),
 ('petronila floyd','fresh'),
 ('petronila floyd','parisian cafe'),
 ('petronila floyd','the antique'),
 ('petronila floyd','waffle on'),
 ('princess collier','cafe 2.0'),
 ('princess collier','cafe pronto'),
 ('princess collier','cinammon cafe'),
 ('princess collier','cosy coffee'),
 ('princess collier','flip cafe'),
 ('princess collier','le cafe'),
 ('princess collier','streets cafe'),
 ('princess collier','uncle joe'),
 ('randee felix','7 monks cafe'),
 ('randee felix','coffeeville'),
 ('randee felix','cosy coffee'),
 ('randee felix','dream bean cafe'),
 ('randee felix','parisian cafe'),
 ('randee felix','the brim'),
 ('randee felix','uncle joe'),
 ('renna beasley','cafe latte'),
 ('renna beasley','coffee and cake'),
 ('renna beasley','coffee shot'),
 ('renna beasley','express-o coffee'),
 ('renna beasley','the atrium'),
 ('renna beasley','the cs457 cafe'),
 ('ressie rangel','aroma coffee'),
 ('ressie rangel','star cafe and coffee'),
 ('ressie rangel','the busy bean'),
 ('ressie rangel','the cs457 cafe'),
 ('ressie rangel','uncle joe'),
 ('rhea wilder','cafe plus'),
 ('rhea wilder','streets cafe'),
 ('rhea wilder','the parlour'),
 ('ria martinez','le cafe'),
 ('ria martinez','providence cafe'),
 ('ria martinez','sweetbrew'),
 ('rina lancaster','eight acres cafe'),
 ('ronnie puckett','cafe plus'),
 ('ronnie puckett','cocobean'),
 ('ronnie puckett','coffee hut'),
 ('ronnie puckett','eastside cafe'),
 ('ronnie puckett','express-o coffee'),
 ('rosa dean','cafe bellissimo'),
 ('rosa dean','cafe italia'),
 ('rosa dean','honest coffeehouse'),
 ('rosa dean','interact coffeehouse'),
 ('rosa dean','parisian cafe'),
 ('rosa dean','the hideout'),
 ('rosalba kirkpatrick','cafe 2.0'),
 ('rosalba kirkpatrick','cafe continental'),
 ('rosalba kirkpatrick','cafe pronto'),
 ('rosalba kirkpatrick','coffeeville'),
 ('rosalba kirkpatrick','flamenco'),
 ('rosalba kirkpatrick','steaming mugs'),
 ('rosalba kirkpatrick','streets cafe'),
 ('rosalba kirkpatrick','uncle joe'),
 ('rosalba kirkpatrick','waterfront'),
 ('royce atkins','95 degrees'),
 ('royce atkins','eight acres cafe'),
 ('royce atkins','fresh'),
 ('royce atkins','stillwater cafe'),
 ('royce atkins','the lab'),
 ('royce atkins','zest'),
 ('sabrina day','cafe 2.0'),
 ('sabrina day','cafe thirteen'),
 ('sabrina day','coffee shot'),
 ('sabrina day','edge cafe'),
 ('sabrina day','interact coffeehouse'),
 ('sabrina day','potluck'),
 ('sabrina day','tulips cafe'),
 ('sabrina day','waterfront'),
 ('sadie hughes','cafe pronto'),
 ('sadie hughes','the daily grind'),
 ('sally torres','cafe plus'),
 ('sally torres','coffee 101'),
 ('sally torres','dream bean cafe'),
 ('sally torres','globe'),
 ('sally torres','interact coffeehouse'),
 ('sally torres','kaffeinate'),
 ('sally torres','parisian cafe'),
 ('sally torres','zest'),
 ('scottie salas','streets cafe'),
 ('scottie salas','the cs457 cafe'),
 ('sha pruitt','7 monks cafe'),
 ('sha pruitt','basin cafe'),
 ('sha pruitt','cafe pronto'),
 ('sha pruitt','zone cafe'),
 ('shan richmond','riverside cafe'),
 ('shan richmond','yo yo coffee'),
 ('shana sanders','aroma coffee'),
 ('shana sanders','cafe mode'),
 ('shana sanders','le cafe'),
 ('shana sanders','the coffee lounge'),
 ('shaquita kim','cafe 2.0'),
 ('shaquita kim','myriad'),
 ('shaquita kim','parisian cafe'),
 ('shaquita kim','robusta cafe'),
 ('shaquita kim','the daily grind'),
 ('shaunna hastings','basket & green'),
 ('shaunna hastings','cafe latte'),
 ('shaunna hastings','cocobean'),
 ('shaunna hastings','coffee 101'),
 ('shaunna hastings','coffee hut'),
 ('shaunna hastings','uncle joe'),
 ('shaunna hastings','zone cafe'),
 ('sheba preston','cafe continental'),
 ('sheba preston','eastside cafe'),
 ('sheba preston','globe'),
 ('sherryl kemp','cafe plus'),
 ('sherryl kemp','le cafe'),
 ('shirlene villarreal','coffee break cafe'),
 ('shirlene villarreal','coffee shot'),
 ('shirlene villarreal','parisian cafe'),
 ('shirlene villarreal','the atrium'),
 ('shirlene villarreal','the cube'),
 ('silvana francis','95 degrees'),
 ('silvana francis','cocobean'),
 ('silvana francis','potluck'),
 ('silvana francis','spoonful cafe'),
 ('silvana francis','the atrium'),
 ('silvana francis','the barracks'),
 ('silvana francis','town & country coffee'),
 ('soledad farley','cafe italia'),
 ('soledad farley','cinammon cafe'),
 ('soledad farley','the coffee lounge'),
 ('soledad farley','the hideout'),
 ('stefany steward','coffee hut'),
 ('stefany steward','kings cafe'),
 ('stefany steward','spoonful cafe'),
 ('stephani wilkins','bits and bites'),
 ('stephani wilkins','cafe thirteen'),
 ('stephani wilkins','espresso joe'),
 ('stephani wilkins','sugar cube cafe'),
 ('stephani wilkins','sweet treats'),
 ('stephani wilkins','the busy bean'),
 ('tajuana neal','cafe arabica'),
 ('tajuana neal','espresso joe'),
 ('tajuana neal','robusta cafe'),
 ('tajuana neal','steaming mugs'),
 ('tajuana neal','the cube'),
 ('tajuana neal','the jam jar'),
 ('tajuana neal','the village cafe'),
 ('tamera cramer','cosy coffee'),
 ('tamera cramer','dream bean cafe'),
 ('tamera cramer','edge cafe'),
 ('tamera cramer','honest coffeehouse'),
 ('tamera cramer','the busy bean'),
 ('taunya simon','cafe bellissimo'),
 ('taunya simon','capital coffee'),
 ('taunya simon','cinammon cafe'),
 ('taunya simon','dream bean cafe'),
 ('taunya simon','eastside cafe'),
 ('taunya simon','the antique'),
 ('taunya simon','the busy bean'),
 ('taunya simon','waterfront'),
 ('tawanna hamilton','the barracks'),
 ('tawanna hamilton','the daily grind'),
 ('temple hoffman','basin cafe'),
 ('temple hoffman','eastside cafe'),
 ('temple hoffman','edge cafe'),
 ('temple hoffman','the brim'),
 ('temple hoffman','the coffee grinder'),
 ('temple hoffman','the coffee lounge'),
 ('teresita phelps','aroma coffee'),
 ('teresita phelps','cafe java'),
 ('teresita phelps','town & country coffee'),
 ('theressa erickson','flamenco'),
 ('theressa erickson','sweetbrew'),
 ('thora quinn','coffee 101'),
 ('thora quinn','coffeeville'),
 ('thora quinn','epic cafe'),
 ('thora quinn','hillside'),
 ('thora quinn','kings cafe'),
 ('thora quinn','providence cafe'),
 ('thora quinn','sugar cube cafe'),
 ('thora quinn','sweet treats'),
 ('thora quinn','the lab'),
 ('thresa ward','bean and gone'),
 ('thresa ward','eastside cafe'),
 ('thresa ward','epic cafe'),
 ('thresa ward','express-o coffee'),
 ('thresa ward','globe'),
 ('thresa ward','parisian cafe'),
 ('thresa ward','spoonful cafe'),
 ('thresa ward','the hideout'),
 ('toshia carr','cafe culture'),
 ('toshia carr','cafe latte'),
 ('toshia carr','coffee lab'),
 ('toshia carr','express-o coffee'),
 ('toshia carr','myriad'),
 ('toshia carr','the little cafe'),
 ('toshia carr','the parlour'),
 ('toya howell','bean and gone'),
 ('toya howell','cafe pronto'),
 ('toya howell','cafe thirteen'),
 ('toya howell','cosy coffee'),
 ('toya howell','parisian cafe'),
 ('traci plummer','cafe thirteen'),
 ('trudie strickland','brekky cafe'),
 ('trudie strickland','the antique'),
 ('trudie strickland','yummies coffee shop'),
 ('tyra myers','cocoa coffee'),
 ('valencia gaines','7 monks cafe'),
 ('valencia gaines','cafe continental'),
 ('valencia gaines','honest coffeehouse'),
 ('valencia gaines','spoonful cafe'),
 ('valencia gaines','the little cafe'),
 ('valentine daugherty','bits and bites'),
 ('valentine daugherty','brekky cafe'),
 ('valentine daugherty','capital coffee'),
 ('valentine daugherty','eastside cafe'),
 ('valentine daugherty','honest coffeehouse'),
 ('valentine daugherty','sweet treats'),
 ('valentine daugherty','yummies coffee shop'),
 ('valorie kirk','95 degrees'),
 ('valorie kirk','aroma coffee'),
 ('valorie kirk','cafe bellissimo'),
 ('valorie kirk','cafe pronto'),
 ('valorie kirk','coffeeville'),
 ('valorie kirk','dream bean cafe'),
 ('valorie kirk','edge cafe'),
 ('valorie kirk','steaming mugs'),
 ('valorie kirk','streets cafe'),
 ('vanesa dixon','inside cafe'),
 ('vanesa dixon','star cafe and coffee'),
 ('vernice mason','basin cafe'),
 ('vernice mason','basket & green'),
 ('vernice mason','cafe culture'),
 ('vernice mason','the daily grind'),
 ('vernice mason','yo yo coffee'),
 ('vernice mason','zone cafe'),
 ('vernon estes','aroma coffee'),
 ('vernon estes','cocoa coffee'),
 ('vernon estes','espresso joe'),
 ('vernon estes','potluck'),
 ('vernon estes','the busy bean'),
 ('vernon estes','the hideout'),
 ('vesta benjamin','coffee crew'),
 ('vesta benjamin','flip cafe'),
 ('vesta benjamin','sweetbrew'),
 ('vesta benjamin','the boardwalk'),
 ('vesta benjamin','zone cafe'),
 ('vicky hodges','old cafe'),
 ('vicky hodges','star cafe and coffee'),
 ('vicky hodges','temptations'),
 ('vicky hodges','tulips cafe'),
 ('whitley hardy','beans and cream'),
 ('whitley hardy','bits and bites'),
 ('whitley hardy','cafe bellissimo'),
 ('whitley hardy','capital coffee'),
 ('whitley hardy','fresh'),
 ('whitley hardy','kaffeinate'),
 ('whitley hardy','kings cafe'),
 ('xiao foster','95 degrees'),
 ('xiao foster','cafe pronto'),
 ('xiao foster','express-o coffee'),
 ('xiao foster','star cafe and coffee'),
 ('xiao foster','the brim'),
 ('xiao foster','the little cafe'),
 ('xiao foster','waffle on'),
 ('yolanda goff','cafe arabica'),
 ('yolanda goff','cafe plus'),
 ('yolanda goff','coffee central'),
 ('yolanda goff','flamenco'),
 ('yolanda goff','the antique'),
 ('yolanda goff','urban'),
 ('zaida haley','streets cafe'),
 ('zaida haley','the coffee grinder'),
 ('zaida haley','the cs457 cafe'),
 ('zaida haley','the daily grind'),
 ('zaida haley','tulips cafe'),
 ('zenaida stewart','cafe culture'),
 ('zenaida stewart','coffee hut'),
 ('zenaida stewart','coffee republic'),
 ('zenaida stewart','espresso joe'),
 ('zenaida stewart','streets cafe'),
 ('zenaida stewart','the coffee lounge'),
 ('zenaida stewart','the jam jar');
CREATE TABLE serves(shop varchar, coffee varchar, price real);
INSERT INTO `serves` VALUES ('7 monks cafe','breve',6.1),
 ('7 monks cafe','cortado',8.0),
 ('7 monks cafe','costa rican',6.1),
 ('7 monks cafe','guatemalan',0.5),
 ('7 monks cafe','kona',2.7),
 ('7 monks cafe','latte',5.7),
 ('7 monks cafe','marocchino',4.1),
 ('7 monks cafe','nicaraguan',3.3),
 ('95 degrees','americano',9.4),
 ('95 degrees','doppio',7.6),
 ('95 degrees','ethiopian',10.3),
 ('95 degrees','pocillo',4.2),
 ('aroma coffee','bombon',6.3),
 ('aroma coffee','breve',10.8),
 ('aroma coffee','cappuccino',4.4),
 ('aroma coffee','cubano',11.7),
 ('aroma coffee','kona',0.5),
 ('aroma coffee','latte',4.0),
 ('aroma coffee','marocchino',3.6),
 ('basin cafe','cubano',1.7),
 ('basin cafe','frappuccino',8.3),
 ('basin cafe','kona',5.3),
 ('basin cafe','mocha',5.9),
 ('basin cafe','ristretto',0.5),
 ('basin cafe','touba',1.7),
 ('basin cafe','touba',2.3),
 ('basin cafe','touba',8.1),
 ('basket & green','costa rican',1.8),
 ('basket & green','galao',5.4),
 ('basket & green','touba',4.7),
 ('bean and gone','columbian',1.6),
 ('bean and gone','espresso',3.3),
 ('bean and gone','frappuccino',7.3),
 ('bean and gone','irish',5.1),
 ('bean and gone','latte',4.3),
 ('bean and gone','latte',5.4),
 ('bean and gone','melya',6.7),
 ('beans and cream','espresso',2.8),
 ('beans and cream','gommosa',4.2),
 ('beans and cream','venezuelan',7.8),
 ('bits and bites','folgers',9.7),
 ('bits and bites','guillermo',4.0),
 ('bits and bites','irish',2.9),
 ('bits and bites','kona',2.5),
 ('bits and bites','mazagran',7.9),
 ('bits and bites','melya',2.2),
 ('bits and bites','touba',5.7),
 ('brekky cafe','au-lait',6.1),
 ('brekky cafe','costa rican',1.0),
 ('brekky cafe','galao',5.1),
 ('brekky cafe','gommosa',2.0),
 ('brekky cafe','mexican',1.2),
 ('cafe 2.0','bombon',6.2),
 ('cafe 2.0','folgers',8.1),
 ('cafe 2.0','guatemalan',4.8),
 ('cafe 2.0','kona',4.0),
 ('cafe arabica','breve',4.3),
 ('cafe arabica','columbian',4.7),
 ('cafe arabica','galao',5.8),
 ('cafe arabica','galao',6.3),
 ('cafe arabica','macchiato',7.0),
 ('cafe arabica','melya',7.1),
 ('cafe arabica','shakerato',7.7),
 ('cafe bellissimo','breve',2.1),
 ('cafe bellissimo','costa rican',7.7),
 ('cafe continental','viennese',6.6),
 ('cafe culture','antoccino',5.8),
 ('cafe culture','doppio',4.8),
 ('cafe culture','gommosa',7.9),
 ('cafe culture','irish',6.0),
 ('cafe culture','mocha frappuccino',4.8),
 ('cafe culture','nicaraguan',0.9),
 ('cafe culture','pocillo',3.1),
 ('cafe culture','touba',8.2),
 ('cafe culture','zorro',2.8),
 ('cafe italia','ristretto',1.4),
 ('cafe java','columbian',7.4),
 ('cafe java','decaffeinated',13.2),
 ('cafe java','espresso',6.8),
 ('cafe java','gommosa',9.2),
 ('cafe java','instant',3.4),
 ('cafe java','melya',1.6),
 ('cafe java','pharisaer',9.3),
 ('cafe java','ristretto',5.4),
 ('cafe java','ristretto',8.5),
 ('cafe latte','botz',7.6),
 ('cafe latte','breve',5.1),
 ('cafe latte','cappuccino',8.0),
 ('cafe latte','iced',2.3),
 ('cafe latte','irish',7.6),
 ('cafe latte','latte',7.4),
 ('cafe latte','peruvian',1.5),
 ('cafe latte','pocillo',6.2),
 ('cafe latte','venezuelan',6.8),
 ('cafe mode','latte',4.1),
 ('cafe mode','marocchino',8.2),
 ('cafe mode','medici',5.2),
 ('cafe mode','melya',9.6),
 ('cafe mode','ristretto',3.6),
 ('cafe mode','shakerato',3.6),
 ('cafe mode','viennese',5.8),
 ('cafe plus','au-lait',4.9),
 ('cafe plus','botz',8.7),
 ('cafe plus','cortado',7.1),
 ('cafe plus','cortado',9.1),
 ('cafe plus','decaffeinated',6.8),
 ('cafe plus','kona',5.7),
 ('cafe plus','mazagran',3.0),
 ('cafe pronto','instant',5.5),
 ('cafe thirteen','botz',6.4),
 ('cafe thirteen','cortado',6.9),
 ('cafe thirteen','guatemalan',6.2),
 ('cafe thirteen','marocchino',1.0),
 ('capital coffee','macchiato',3.8),
 ('capital coffee','rudesheimer',3.3),
 ('cinammon cafe','cappuccino',7.1),
 ('cocoa coffee','americano',8.1),
 ('cocoa coffee','breve',3.5),
 ('cocoa coffee','carajillo',7.0),
 ('cocoa coffee','costa rican',0.1),
 ('cocoa coffee','costa rican',4.6),
 ('cocoa coffee','venezuelan',5.6),
 ('cocobean','galao',11.9),
 ('cocobean','guatemalan',5.8),
 ('cocobean','guillermo',1.3),
 ('cocobean','viennese',5.6),
 ('coffee 101','affogato',4.0),
 ('coffee 101','breve',7.0),
 ('coffee 101','frappuccino',5.8),
 ('coffee 101','galao',7.8),
 ('coffee 101','guillermo',7.4),
 ('coffee 101','mocha',5.0),
 ('coffee 101','peruvian',9.2),
 ('coffee 101','rudesheimer',6.8),
 ('coffee and cake','espresso',4.5),
 ('coffee and cake','ethiopian',2.6),
 ('coffee and cake','galao',3.8),
 ('coffee and cake','guatemalan',6.5),
 ('coffee break cafe','antoccino',12.9),
 ('coffee break cafe','costa rican',8.6),
 ('coffee break cafe','espresso',6.3),
 ('coffee break cafe','mazagran',6.0),
 ('coffee break cafe','mexican',5.9),
 ('coffee break cafe','mocha',4.6),
 ('coffee break cafe','nicaraguan',4.8),
 ('coffee break cafe','touba',6.3),
 ('coffee central','americano',6.1),
 ('coffee central','botz',10.1),
 ('coffee central','botz',4.8),
 ('coffee central','breve',7.0),
 ('coffee central','mocha',6.7),
 ('coffee central','peruvian',6.4),
 ('coffee central','zorro',5.1),
 ('coffee crew','breve',1.3),
 ('coffee crew','breve',8.2),
 ('coffee crew','ethiopian',5.4),
 ('coffee crew','kona',6.2),
 ('coffee crew','medici',8.2),
 ('coffee crew','mexican',10.1),
 ('coffee crew','pocillo',3.9),
 ('coffee crew','pocillo',9.0),
 ('coffee crew','ristretto',5.5),
 ('coffee hut','carajillo',3.7),
 ('coffee hut','galao',5.3),
 ('coffee hut','macchiato',5.2),
 ('coffee hut','pocillo',1.1),
 ('coffee hut','ristretto',7.9),
 ('coffee lab','affogato',7.2),
 ('coffee lab','au-lait',6.9),
 ('coffee lab','doppio',5.7),
 ('coffee lab','folgers',5.4),
 ('coffee lab','mocha frappuccino',5.6),
 ('coffee lab','palazzo',0.6),
 ('coffee lab','pharisaer',6.7),
 ('coffee lab','sumatran',4.8),
 ('coffee lab','zorro',4.4),
 ('coffee republic','cortado',2.6),
 ('coffee shot','carajillo',7.2),
 ('coffee shot','guillermo',9.2),
 ('coffeeville','columbian',8.1),
 ('coffeeville','gommosa',4.8),
 ('coffeeville','medici',0.6),
 ('coffeeville','sumatran',6.9),
 ('cosy coffee','canned',1.4),
 ('cosy coffee','macchiato',6.1),
 ('cosy coffee','macchiato',6.7),
 ('cosy coffee','marocchino',11.5),
 ('cosy coffee','viennese',2.2),
 ('country lane cafe','carajillo',3.4),
 ('country lane cafe','decaffeinated',3.9),
 ('country lane cafe','instant',6.2),
 ('country lane cafe','irish',9.2),
 ('country lane cafe','macchiato',11.4),
 ('country lane cafe','sumatran',1.8),
 ('dream bean cafe','indonesian',5.7),
 ('dream bean cafe','medici',9.8),
 ('dream bean cafe','melya',3.3),
 ('dream bean cafe','mocha',8.6),
 ('dream bean cafe','rudesheimer',8.3),
 ('eastside cafe','espresso',11.9),
 ('eastside cafe','shakerato',8.2),
 ('eastside cafe','zorro',6.1),
 ('edge cafe','indonesian',2.2),
 ('edge cafe','latte',4.4),
 ('edge cafe','latte',6.4),
 ('edge cafe','medici',6.4),
 ('edge cafe','mexican',2.8),
 ('edge cafe','rudesheimer',5.0),
 ('edge cafe','touba',6.2),
 ('edge cafe','zorro',10.3),
 ('eight acres cafe','breve',9.7),
 ('eight acres cafe','canned',3.2),
 ('eight acres cafe','cappuccino',1.8),
 ('eight acres cafe','kona',4.9),
 ('eight acres cafe','mocha',5.8),
 ('eight acres cafe','palazzo',6.8),
 ('eight acres cafe','peruvian',5.4),
 ('eight acres cafe','zorro',6.0),
 ('epic cafe','bombon',9.8),
 ('epic cafe','columbian',5.1),
 ('epic cafe','peruvian',6.2),
 ('epic cafe','ristretto',4.3),
 ('epic cafe','venezuelan',6.1),
 ('espresso joe','canned',5.6),
 ('espresso joe','irish',1.4),
 ('espresso joe','medici',4.5),
 ('espresso joe','mocha frappuccino',6.1),
 ('espresso joe','pocillo',8.0),
 ('espresso joe','shakerato',6.2),
 ('espresso joe','zorro',5.6),
 ('essence cafe','mocha frappuccino',9.8),
 ('express-o coffee','botz',4.5),
 ('express-o coffee','canned',5.0),
 ('express-o coffee','doppio',5.5),
 ('express-o coffee','guatemalan',5.5),
 ('express-o coffee','guillermo',1.5),
 ('express-o coffee','irish',10.0),
 ('express-o coffee','palazzo',2.0),
 ('express-o coffee','rudesheimer',4.8),
 ('express-o coffee','sumatran',7.8),
 ('flamenco','affogato',11.4),
 ('flamenco','canned',7.0),
 ('flamenco','galao',6.5),
 ('flamenco','iced',8.7),
 ('flamenco','irish',6.1),
 ('flamenco','kona',1.6),
 ('flamenco','peruvian',2.1),
 ('flip cafe','au-lait',7.6),
 ('flip cafe','espresso',6.9),
 ('flip cafe','ethiopian',6.8),
 ('flip cafe','folgers',0.7),
 ('fresh','antoccino',7.6),
 ('fresh','costa rican',8.5),
 ('fresh','latte',2.0),
 ('fresh','mocha frappuccino',4.2),
 ('fresh','rudesheimer',9.8),
 ('globe','palazzo',3.0),
 ('hillside','canned',0.4),
 ('hillside','decaffeinated',6.6),
 ('hillside','doppio',10.1),
 ('hillside','folgers',4.7),
 ('hillside','marocchino',9.3),
 ('hillside','mocha',3.1),
 ('hillside','mocha',3.7),
 ('honest coffeehouse','au-lait',3.5),
 ('honest coffeehouse','doppio',4.7),
 ('honest coffeehouse','doppio',6.0),
 ('honest coffeehouse','espresso',6.3),
 ('honest coffeehouse','galao',4.4),
 ('honest coffeehouse','marocchino',7.5),
 ('honest coffeehouse','palazzo',6.0),
 ('honest coffeehouse','shakerato',7.1),
 ('honest coffeehouse','shakerato',7.7),
 ('inside cafe','sumatran',7.8),
 ('interact coffeehouse','affogato',4.7),
 ('interact coffeehouse','folgers',4.2),
 ('interact coffeehouse','guillermo',6.2),
 ('interact coffeehouse','indonesian',5.7),
 ('interact coffeehouse','instant',9.9),
 ('interact coffeehouse','peruvian',8.3),
 ('interact coffeehouse','ristretto',4.7),
 ('interact coffeehouse','venezuelan',6.5),
 ('kaffeinate','cubano',5.6),
 ('kaffeinate','peruvian',4.2),
 ('kings cafe','botz',5.9),
 ('kings cafe','columbian',7.3),
 ('kings cafe','cubano',7.9),
 ('kings cafe','indonesian',5.0),
 ('le cafe','affogato',5.1),
 ('le cafe','espresso',7.6),
 ('le cafe','ethiopian',4.5),
 ('le cafe','instant',6.3),
 ('le cafe','marocchino',0.7),
 ('myriad','au-lait',8.4),
 ('myriad','botz',7.5),
 ('myriad','canned',5.3),
 ('myriad','carajillo',3.0),
 ('myriad','gommosa',9.5),
 ('myriad','latte',3.8),
 ('myriad','mazagran',6.0),
 ('myriad','palazzo',8.9),
 ('myriad','rudesheimer',0.8),
 ('old cafe','espresso',7.8),
 ('old cafe','zorro',2.5),
 ('parisian cafe','americano',0.3),
 ('parisian cafe','carajillo',2.8),
 ('parisian cafe','mazagran',4.7),
 ('parisian cafe','mexican',5.3),
 ('parisian cafe','nicaraguan',2.3),
 ('parisian cafe','nicaraguan',9.7),
 ('parisian cafe','sumatran',8.1),
 ('parisian cafe','zorro',7.1),
 ('potluck','medici',5.3),
 ('providence cafe','columbian',2.6),
 ('providence cafe','columbian',3.7),
 ('providence cafe','doppio',8.2),
 ('providence cafe','frappuccino',7.8),
 ('providence cafe','irish',11.8),
 ('riverside cafe','americano',5.9),
 ('riverside cafe','breve',5.5),
 ('riverside cafe','breve',6.0),
 ('riverside cafe','cappuccino',2.9),
 ('riverside cafe','indonesian',4.6),
 ('riverside cafe','macchiato',6.9),
 ('riverside cafe','marocchino',7.6),
 ('riverside cafe','medici',4.9),
 ('riverside cafe','touba',5.7),
 ('robusta cafe','cortado',4.2),
 ('royal coffee','botz',3.2),
 ('royal coffee','breve',3.9),
 ('royal coffee','cortado',2.7),
 ('royal coffee','cortado',3.5),
 ('royal coffee','decaffeinated',8.4),
 ('royal coffee','espresso',0.1),
 ('royal coffee','ristretto',5.9),
 ('royal coffee','sumatran',0.6),
 ('royal coffee','sumatran',2.2),
 ('spectrum cafe','breve',4.3),
 ('spectrum cafe','canned',4.6),
 ('spectrum cafe','columbian',2.5),
 ('spectrum cafe','costa rican',3.2),
 ('spectrum cafe','doppio',5.6),
 ('spectrum cafe','ethiopian',4.9),
 ('spectrum cafe','melya',5.1),
 ('spectrum cafe','venezuelan',6.9),
 ('spoonful cafe','cortado',6.0),
 ('spoonful cafe','marocchino',4.2),
 ('star cafe and coffee','cubano',7.3),
 ('steaming mugs','cappuccino',6.1),
 ('steaming mugs','macchiato',6.1),
 ('steaming mugs','melya',4.0),
 ('steaming mugs','mocha',8.1),
 ('steaming mugs','peruvian',6.2),
 ('steaming mugs','peruvian',6.6),
 ('steaming mugs','ristretto',11.6),
 ('steaming mugs','shakerato',4.3),
 ('stillwater cafe','guatemalan',5.0),
 ('stillwater cafe','mocha frappuccino',8.0),
 ('streets cafe','antoccino',5.7),
 ('streets cafe','carajillo',0.7),
 ('streets cafe','macchiato',4.7),
 ('sugar cube cafe','carajillo',7.2),
 ('sugar cube cafe','venezuelan',8.8),
 ('sweet treats','carajillo',7.0),
 ('sweet treats','iced',5.0),
 ('sweet treats','instant',0.8),
 ('sweet treats','instant',1.9),
 ('sweet treats','mocha',6.9),
 ('sweet treats','peruvian',9.6),
 ('sweet treats','rudesheimer',6.6),
 ('sweet treats','viennese',6.7),
 ('sweetbrew','affogato',6.8),
 ('sweetbrew','ethiopian',5.8),
 ('sweetbrew','kona',4.0),
 ('sweetbrew','latte',7.6),
 ('sweetbrew','mazagran',7.6),
 ('sweetbrew','mexican',5.8),
 ('sweetbrew','rudesheimer',4.8),
 ('temptations','canned',6.1),
 ('temptations','rudesheimer',6.6),
 ('the antique','affogato',8.7),
 ('the antique','breve',10.2),
 ('the antique','costa rican',4.1),
 ('the antique','instant',6.4),
 ('the antique','melya',9.0),
 ('the antique','nicaraguan',7.2),
 ('the antique','peruvian',4.9),
 ('the antique','pharisaer',10.4),
 ('the antique','pocillo',8.4),
 ('the atrium','breve',4.3),
 ('the atrium','breve',6.1),
 ('the atrium','gommosa',4.9),
 ('the barracks','doppio',8.2),
 ('the barracks','galao',6.7),
 ('the barracks','galao',8.6),
 ('the barracks','guatemalan',3.0),
 ('the barracks','marocchino',3.7),
 ('the barracks','shakerato',2.0),
 ('the barracks','viennese',7.2),
 ('the boardwalk','au-lait',6.7),
 ('the boardwalk','botz',7.7),
 ('the boardwalk','carajillo',4.7),
 ('the boardwalk','cortado',5.0),
 ('the boardwalk','cubano',11.4),
 ('the boardwalk','indonesian',11.2),
 ('the boardwalk','kona',6.2),
 ('the boardwalk','mocha frappuccino',6.1),
 ('the brim','antoccino',5.9),
 ('the brim','ethiopian',11.8),
 ('the brim','ethiopian',5.2),
 ('the brim','iced',10.3),
 ('the busy bean','carajillo',7.2),
 ('the busy bean','guatemalan',2.7),
 ('the busy bean','medici',6.0),
 ('the coffee grinder','breve',11.1),
 ('the coffee grinder','cubano',5.6),
 ('the coffee grinder','decaffeinated',4.5),
 ('the coffee grinder','ethiopian',12.0),
 ('the coffee grinder','folgers',3.2),
 ('the coffee grinder','gommosa',7.3),
 ('the coffee grinder','mexican',2.2),
 ('the coffee grinder','mocha frappuccino',3.6),
 ('the coffee grinder','touba',5.6),
 ('the coffee lounge','americano',2.7),
 ('the coffee lounge','bombon',9.3),
 ('the coffee lounge','botz',0.8),
 ('the coffee lounge','costa rican',2.0),
 ('the coffee lounge','guatemalan',5.1),
 ('the coffee lounge','indonesian',7.3),
 ('the coffee lounge','irish',4.7),
 ('the coffee lounge','pocillo',5.6),
 ('the cs457 cafe','bombon',5.1),
 ('the cs457 cafe','decaffeinated',3.9),
 ('the cs457 cafe','marocchino',1.8),
 ('the cs457 cafe','medici',8.2),
 ('the cs457 cafe','mocha',4.2),
 ('the cs457 cafe','nicaraguan',7.7),
 ('the cs457 cafe','shakerato',2.6),
 ('the cube','botz',4.7),
 ('the cube','cortado',4.3),
 ('the cube','instant',3.3),
 ('the cube','mocha',5.1),
 ('the daily grind','affogato',6.2),
 ('the daily grind','ethiopian',7.2),
 ('the daily grind','irish',2.6),
 ('the daily grind','melya',9.9),
 ('the hideout','antoccino',6.0),
 ('the hideout','au-lait',8.6),
 ('the hideout','espresso',12.6),
 ('the hideout','instant',4.1),
 ('the hideout','irish',6.9),
 ('the hideout','marocchino',0.3),
 ('the hideout','rudesheimer',5.3),
 ('the hideout','touba',2.2),
 ('the jam jar','breve',3.6),
 ('the jam jar','doppio',5.5),
 ('the jam jar','frappuccino',3.0),
 ('the jam jar','guillermo',2.6),
 ('the jam jar','marocchino',0.9),
 ('the jam jar','mocha frappuccino',8.8),
 ('the jam jar','viennese',10.9),
 ('the lab','cubano',9.3),
 ('the lab','folgers',2.9),
 ('the lab','galao',5.5),
 ('the lab','kona',3.0),
 ('the lab','macchiato',2.5),
 ('the lab','macchiato',7.5),
 ('the little cafe','irish',3.5),
 ('the parlour','botz',6.3),
 ('the parlour','mexican',0.8),
 ('the parlour','mocha',8.1),
 ('the parlour','pocillo',7.2),
 ('the village cafe','carajillo',8.0),
 ('the village cafe','columbian',4.9),
 ('the village cafe','costa rican',6.2),
 ('the village cafe','guatemalan',6.5),
 ('the village cafe','instant',6.5),
 ('town & country coffee','carajillo',4.5),
 ('town & country coffee','cortado',4.6),
 ('tulips cafe','au-lait',5.7),
 ('tulips cafe','bombon',3.0),
 ('tulips cafe','ethiopian',6.6),
 ('tulips cafe','guatemalan',7.9),
 ('tulips cafe','kona',4.0),
 ('tulips cafe','melya',5.9),
 ('tulips cafe','pharisaer',5.0),
 ('uncle joe','affogato',2.9),
 ('uncle joe','bombon',3.6),
 ('uncle joe','bombon',6.7),
 ('uncle joe','columbian',7.0),
 ('uncle joe','gommosa',7.8),
 ('uncle joe','irish',8.4),
 ('uncle joe','mocha frappuccino',4.1),
 ('uncle joe','rudesheimer',7.4),
 ('urban','americano',5.4),
 ('urban','breve',3.4),
 ('urban','irish',4.8),
 ('urban','mocha frappuccino',6.3),
 ('urban','shakerato',4.9),
 ('waffle on','cappuccino',5.8),
 ('waffle on','costa rican',2.4),
 ('waffle on','medici',1.5),
 ('waterfront','affogato',2.7),
 ('waterfront','breve',4.4),
 ('waterfront','cappuccino',5.9),
 ('waterfront','cappuccino',6.4),
 ('waterfront','ethiopian',8.2),
 ('waterfront','guatemalan',4.3),
 ('waterfront','guillermo',7.7),
 ('waterfront','instant',5.5),
 ('waterfront','sumatran',5.3),
 ('yo yo coffee','carajillo',5.5),
 ('yo yo coffee','costa rican',11.0),
 ('yo yo coffee','costa rican',5.3),
 ('yo yo coffee','costa rican',5.6),
 ('yo yo coffee','doppio',9.4),
 ('yo yo coffee','mazagran',2.3),
 ('yo yo coffee','viennese',4.9),
 ('yummies coffee shop','affogato',7.3),
 ('yummies coffee shop','bombon',5.0),
 ('yummies coffee shop','cappuccino',4.4),
 ('yummies coffee shop','cappuccino',6.9),
 ('yummies coffee shop','costa rican',3.1),
 ('yummies coffee shop','decaffeinated',3.9),
 ('yummies coffee shop','espresso',6.1),
 ('yummies coffee shop','instant',6.2),
 ('yummies coffee shop','sumatran',5.0),
 ('zest','cappuccino',5.7),
 ('zest','carajillo',8.2),
 ('zest','espresso',9.1),
 ('zest','indonesian',2.1),
 ('zest','marocchino',4.7),
 ('zest','pocillo',3.8),
 ('zest','pocillo',8.5),
 ('zone cafe','ethiopian',6.0),
 ('zone cafe','frappuccino',5.1),
 ('zone cafe','guatemalan',5.4),
 ('zone cafe','kona',6.4),
 ('zone cafe','mazagran',3.2),
 ('zone cafe','mocha',5.8),
 ('zone cafe','pocillo',6.5),
 ('zone cafe','touba',11.3);
CREATE TABLE people(name varchar, age integer, gender varchar(1));
INSERT INTO `people` VALUES ('abigail manuel',27,'F'),
 ('adrien britt',60,'F'),
 ('aisha carlson',75,'F'),
 ('aja donaldson',23,'F'),
 ('alex leblanc',82,'M'),
 ('alice kinney',37,'F'),
 ('alpha burnett',77,'F'),
 ('amy craft',46,'F'),
 ('andree rowland',56,'F'),
 ('angelic wiley',44,'F'),
 ('angelo knapp',70,'F'),
 ('anneliese goins',25,'F'),
 ('annelle chaney',68,'F'),
 ('annette holloway',20,'F'),
 ('antoinette cook',20,'F'),
 ('antonio hernandez',48,'M'),
 ('arianna gonzalez',60,'F'),
 ('arie quinones',21,'F'),
 ('ashleigh haynes',36,'F'),
 ('beatris shepard',40,'F'),
 ('bernarda hansen',60,'F'),
 ('berry rosales',62,'F'),
 ('betty hamm',20,'F'),
 ('billy kidd',73,'M'),
 ('blanch coffman',19,'F'),
 ('breanna warner',83,'F'),
 ('bridgette stevenson',74,'F'),
 ('brittany rodgers',47,'F'),
 ('camelia conway',52,'F'),
 ('cammy thomas',18,'F'),
 ('candy marsh',57,'F'),
 ('carlee wilson',56,'F'),
 ('carlena head',42,'F'),
 ('carmella richards',46,'F'),
 ('carolyne west',22,'F'),
 ('catharine elkins',23,'F'),
 ('catherina hendrix',35,'F'),
 ('cathy key',50,'F'),
 ('catrice kelly',55,'F'),
 ('cayla kennedy',28,'F'),
 ('chantelle arnold',18,'F'),
 ('charita larson',72,'F'),
 ('charla crum',29,'F'),
 ('charlotte griffin',77,'F'),
 ('charmain lindsay',29,'F'),
 ('chasity sims',43,'F'),
 ('cherie gallegos',69,'F'),
 ('cindi walden',38,'F'),
 ('clair horn',23,'F'),
 ('clarisa casey',61,'F'),
 ('concha cowan',18,'F'),
 ('connie glover',19,'F'),
 ('corey hammond',56,'M'),
 ('cristi tran',53,'F'),
 ('cristy bergeron',87,'F'),
 ('dallas sloan',23,'M'),
 ('danette kerr',42,'F'),
 ('darcey mendez',42,'F'),
 ('darlena madden',77,'F'),
 ('daryl shaffer',44,'M'),
 ('deb saunders',64,'F'),
 ('deborah wooten',61,'F'),
 ('debroah cummings',54,'F'),
 ('deidra gill',24,'F'),
 ('deidre buck',21,'F'),
 ('deneen kessler',18,'F'),
 ('dianne yarbrough',81,'F'),
 ('dierdre maddox',60,'F'),
 ('donetta long',20,'F'),
 ('dorinda macdonald',22,'F'),
 ('dorthea rogers',36,'F'),
 ('dorthey bland',33,'F'),
 ('drucilla milton',56,'F'),
 ('dung reeves',25,'M'),
 ('dwana blackwell',30,'F'),
 ('earlean whitney',22,'F'),
 ('eboni christian',68,'F'),
 ('edith ross',69,'F'),
 ('eleanor bartlett',81,'F'),
 ('elina rojas',48,'F'),
 ('elly bullock',49,'F'),
 ('elouise riley',31,'F'),
 ('epifania lester',39,'F'),
 ('erma gonzales',51,'F'),
 ('ernestina tracy',36,'F'),
 ('esta solis',55,'F'),
 ('estela talley',38,'F'),
 ('felice dunn',50,'F'),
 ('felicitas kaufman',22,'F'),
 ('florine hanson',44,'F'),
 ('gay seymour',27,'F'),
 ('gena christopher',73,'F'),
 ('genevie mullins',24,'F'),
 ('gina cox',49,'F'),
 ('grisel duncan',36,'F'),
 ('hattie calderon',52,'F'),
 ('hermila berry',19,'F'),
 ('hwa waters',67,'F'),
 ('idell guy',25,'F'),
 ('ingrid dawson',69,'F'),
 ('iola murphy',52,'F'),
 ('iraida lambert',52,'F'),
 ('isabelle curry',51,'F'),
 ('isidra ayers',70,'F'),
 ('jamee woodward',22,'F'),
 ('january mcdermott',45,'F'),
 ('jeanna olson',25,'F'),
 ('jennefer roberson',25,'F'),
 ('jinny hoskins',36,'F'),
 ('joane baldwin',24,'F'),
 ('jodee grant',71,'F'),
 ('joette sutton',44,'F'),
 ('joie schneider',27,'F'),
 ('jolene whitehead',39,'F'),
 ('jolie suarez',73,'F'),
 ('jone lockhart',34,'F'),
 ('julene blackburn',55,'F'),
 ('julianna barry',57,'F'),
 ('kacey rivers',22,'F'),
 ('kacie orr',38,'F'),
 ('karissa irwin',73,'F'),
 ('karma john',45,'F'),
 ('kathryne cherry',33,'F'),
 ('kathy best',46,'F'),
 ('katia deleon',49,'F'),
 ('keith whitley',70,'M'),
 ('kimber goodman',28,'F'),
 ('kimberley lindsey',43,'F'),
 ('kit stafford',53,'F'),
 ('krishna neely',40,'F'),
 ('kristian adkins',54,'F'),
 ('krysta daniels',20,'F'),
 ('kyra childs',33,'F'),
 ('lane beck',22,'M'),
 ('lashawn bush',65,'F'),
 ('latasha childers',49,'F'),
 ('latosha mueller',92,'F'),
 ('latrina tyler',22,'F'),
 ('lauralee webster',65,'F'),
 ('lavinia pearson',51,'F'),
 ('leeanne marshall',43,'F'),
 ('leia dalton',23,'F'),
 ('leigha ashley',37,'F'),
 ('lenita akers',44,'F'),
 ('lenore williams',20,'F'),
 ('leola shoemaker',51,'F'),
 ('lesia calhoun',39,'F'),
 ('lilliam thornton',18,'F'),
 ('lisandra gibbs',30,'F'),
 ('lise cotton',60,'F'),
 ('lissette slaughter',20,'F'),
 ('loma lawson',74,'F'),
 ('lonnie davenport',21,'F'),
 ('loreen sears',42,'F'),
 ('lorette eaton',54,'F'),
 ('lorie hardin',70,'F'),
 ('lourie jennings',32,'F'),
 ('love wheeler',28,'F'),
 ('lucille lang',30,'F'),
 ('lynne shaw',62,'F'),
 ('madalene sharp',34,'F'),
 ('malena blair',55,'F'),
 ('marci diaz',28,'F'),
 ('marcia bray',64,'F'),
 ('margaretta hendricks',46,'F'),
 ('mari mcginnis',19,'F'),
 ('mariko foley',79,'F'),
 ('marin cooper',33,'F'),
 ('mario sexton',37,'M'),
 ('marla heard',23,'F'),
 ('maryam delaney',25,'F'),
 ('maryellen hilton',43,'F'),
 ('maryland workman',18,'F'),
 ('maryln meyer',58,'F'),
 ('matilde atkinson',87,'F'),
 ('maud buckner',32,'F'),
 ('maybelle thompson',58,'F'),
 ('melania branch',49,'F'),
 ('melisa rucker',41,'F'),
 ('melvina ellison',49,'F'),
 ('meridith cochran',61,'F'),
 ('meta richardson',35,'F'),
 ('michelina reyes',30,'F'),
 ('michiko ray',57,'F'),
 ('milda cobb',27,'F'),
 ('minda farmer',42,'F'),
 ('monika bowling',95,'F'),
 ('myrle polk',42,'F'),
 ('noma harris',30,'F'),
 ('nona joyner',70,'F'),
 ('noreen wall',36,'F'),
 ('norma stanton',50,'F'),
 ('odelia olsen',39,'F'),
 ('palmira mitchell',37,'F'),
 ('patsy holt',49,'F'),
 ('petronila floyd',44,'F'),
 ('princess collier',20,'F'),
 ('randee felix',32,'F'),
 ('renna beasley',35,'F'),
 ('ressie rangel',46,'F'),
 ('rhea wilder',54,'F'),
 ('ria martinez',87,'F'),
 ('rina lancaster',28,'F'),
 ('ronnie puckett',61,'M'),
 ('rosa dean',30,'F'),
 ('rosalba kirkpatrick',34,'F'),
 ('royce atkins',52,'F'),
 ('sabrina day',65,'F'),
 ('sadie hughes',81,'F'),
 ('sally torres',23,'F'),
 ('scottie salas',25,'M'),
 ('sha pruitt',50,'F'),
 ('shan richmond',51,'F'),
 ('shana sanders',30,'F'),
 ('shaquita kim',38,'F'),
 ('shaunna hastings',52,'F'),
 ('sheba preston',18,'F'),
 ('sherryl kemp',21,'F'),
 ('shirlene villarreal',19,'F'),
 ('silvana francis',37,'F'),
 ('soledad farley',52,'F'),
 ('stefany steward',46,'F'),
 ('stephani wilkins',42,'F'),
 ('tajuana neal',48,'F'),
 ('tamera cramer',50,'F'),
 ('taunya simon',31,'F'),
 ('tawanna hamilton',50,'F'),
 ('temple hoffman',74,'F'),
 ('teresita phelps',23,'F'),
 ('theressa erickson',43,'F'),
 ('thora quinn',47,'F'),
 ('thresa ward',23,'F'),
 ('toshia carr',71,'F'),
 ('toya howell',42,'F'),
 ('traci plummer',50,'F'),
 ('trudie strickland',34,'F'),
 ('tyra myers',71,'F'),
 ('valencia gaines',38,'F'),
 ('valentine daugherty',67,'F'),
 ('valorie kirk',34,'F'),
 ('vanesa dixon',73,'F'),
 ('vernice mason',26,'F'),
 ('vernon estes',44,'M'),
 ('vesta benjamin',59,'F'),
 ('vicky hodges',28,'F'),
 ('whitley hardy',54,'F'),
 ('xiao foster',80,'F'),
 ('yolanda goff',75,'F'),
 ('zaida haley',49,'F'),
 ('zenaida stewart',44,'F');
CREATE TABLE drinks(name varchar, coffee varchar);
INSERT INTO `drinks` VALUES ('abigail manuel','galao'),
 ('abigail manuel','instant'),
 ('abigail manuel','macchiato'),
 ('abigail manuel','mazagran'),
 ('abigail manuel','mexican'),
 ('abigail manuel','rudesheimer'),
 ('abigail manuel','sumatran'),
 ('adrien britt','antoccino'),
 ('adrien britt','guatemalan'),
 ('adrien britt','mazagran'),
 ('adrien britt','mocha'),
 ('adrien britt','nicaraguan'),
 ('adrien britt','peruvian'),
 ('aisha carlson','decaffeinated'),
 ('aisha carlson','instant'),
 ('aja donaldson','affogato'),
 ('aja donaldson','doppio'),
 ('aja donaldson','mazagran'),
 ('aja donaldson','medici'),
 ('aja donaldson','mexican'),
 ('aja donaldson','mocha frappuccino'),
 ('aja donaldson','nicaraguan'),
 ('aja donaldson','peruvian'),
 ('alex leblanc','antoccino'),
 ('alex leblanc','folgers'),
 ('alex leblanc','iced'),
 ('alex leblanc','indonesian'),
 ('alice kinney','affogato'),
 ('alice kinney','doppio'),
 ('alice kinney','iced'),
 ('alice kinney','kona'),
 ('alice kinney','mocha frappuccino'),
 ('alice kinney','shakerato'),
 ('alice kinney','viennese'),
 ('alpha burnett','folgers'),
 ('alpha burnett','gommosa'),
 ('alpha burnett','irish'),
 ('alpha burnett','rudesheimer'),
 ('alpha burnett','shakerato'),
 ('alpha burnett','sumatran'),
 ('amy craft','americano'),
 ('amy craft','botz'),
 ('amy craft','marocchino'),
 ('amy craft','melya'),
 ('amy craft','nicaraguan'),
 ('amy craft','pharisaer'),
 ('amy craft','ristretto'),
 ('amy craft','touba'),
 ('andree rowland','affogato'),
 ('andree rowland','costa rican'),
 ('andree rowland','guatemalan'),
 ('andree rowland','medici'),
 ('andree rowland','mexican'),
 ('andree rowland','nicaraguan'),
 ('andree rowland','shakerato'),
 ('andree rowland','viennese'),
 ('angelic wiley','columbian'),
 ('angelic wiley','kona'),
 ('angelic wiley','mocha'),
 ('angelo knapp','costa rican'),
 ('angelo knapp','latte'),
 ('angelo knapp','mexican'),
 ('angelo knapp','nicaraguan'),
 ('anneliese goins','frappuccino'),
 ('anneliese goins','mazagran'),
 ('anneliese goins','rudesheimer'),
 ('annelle chaney','antoccino'),
 ('annelle chaney','columbian'),
 ('annelle chaney','doppio'),
 ('annelle chaney','folgers'),
 ('annelle chaney','guatemalan'),
 ('annelle chaney','kona'),
 ('annelle chaney','palazzo'),
 ('annelle chaney','rudesheimer'),
 ('annette holloway','macchiato'),
 ('annette holloway','mazagran'),
 ('antoinette cook','frappuccino'),
 ('antonio hernandez','cappuccino'),
 ('antonio hernandez','ethiopian'),
 ('antonio hernandez','folgers'),
 ('antonio hernandez','guatemalan'),
 ('antonio hernandez','iced'),
 ('antonio hernandez','latte'),
 ('antonio hernandez','mazagran'),
 ('antonio hernandez','mocha frappuccino'),
 ('antonio hernandez','peruvian'),
 ('arianna gonzalez','affogato'),
 ('arianna gonzalez','americano'),
 ('arianna gonzalez','galao'),
 ('arianna gonzalez','guillermo'),
 ('arianna gonzalez','zorro'),
 ('arie quinones','costa rican'),
 ('arie quinones','folgers'),
 ('arie quinones','peruvian'),
 ('arie quinones','ristretto'),
 ('ashleigh haynes','canned'),
 ('ashleigh haynes','cubano'),
 ('ashleigh haynes','espresso'),
 ('ashleigh haynes','instant'),
 ('ashleigh haynes','marocchino'),
 ('ashleigh haynes','mocha frappuccino'),
 ('beatris shepard','americano'),
 ('beatris shepard','bombon'),
 ('beatris shepard','galao'),
 ('beatris shepard','indonesian'),
 ('beatris shepard','medici'),
 ('beatris shepard','touba'),
 ('bernarda hansen','au-lait'),
 ('bernarda hansen','bombon'),
 ('bernarda hansen','cappuccino'),
 ('bernarda hansen','costa rican'),
 ('bernarda hansen','doppio'),
 ('bernarda hansen','instant'),
 ('berry rosales','cappuccino'),
 ('berry rosales','folgers'),
 ('berry rosales','frappuccino'),
 ('berry rosales','ristretto'),
 ('berry rosales','touba'),
 ('berry rosales','venezuelan'),
 ('betty hamm','indonesian'),
 ('betty hamm','touba'),
 ('billy kidd','cubano'),
 ('billy kidd','mocha frappuccino'),
 ('blanch coffman','breve'),
 ('blanch coffman','guatemalan'),
 ('blanch coffman','irish'),
 ('blanch coffman','mazagran'),
 ('blanch coffman','rudesheimer'),
 ('blanch coffman','zorro'),
 ('breanna warner','americano'),
 ('breanna warner','marocchino'),
 ('breanna warner','mocha frappuccino'),
 ('bridgette stevenson','antoccino'),
 ('bridgette stevenson','costa rican'),
 ('bridgette stevenson','cubano'),
 ('bridgette stevenson','ethiopian'),
 ('bridgette stevenson','irish'),
 ('bridgette stevenson','viennese'),
 ('brittany rodgers','antoccino'),
 ('brittany rodgers','cappuccino'),
 ('brittany rodgers','cortado'),
 ('brittany rodgers','guatemalan'),
 ('brittany rodgers','macchiato'),
 ('brittany rodgers','mexican'),
 ('brittany rodgers','mocha frappuccino'),
 ('camelia conway','affogato'),
 ('camelia conway','bombon'),
 ('camelia conway','ethiopian'),
 ('camelia conway','medici'),
 ('camelia conway','pocillo'),
 ('camelia conway','viennese'),
 ('cammy thomas','ethiopian'),
 ('cammy thomas','folgers'),
 ('cammy thomas','guatemalan'),
 ('cammy thomas','instant'),
 ('candy marsh','bombon'),
 ('candy marsh','indonesian'),
 ('candy marsh','macchiato'),
 ('carlee wilson','au-lait'),
 ('carlee wilson','breve'),
 ('carlee wilson','canned'),
 ('carlee wilson','folgers'),
 ('carlee wilson','marocchino'),
 ('carlee wilson','mazagran'),
 ('carlee wilson','pocillo'),
 ('carlee wilson','rudesheimer'),
 ('carlena head','viennese'),
 ('carmella richards','indonesian'),
 ('carmella richards','melya'),
 ('carmella richards','rudesheimer'),
 ('carmella richards','venezuelan'),
 ('carmella richards','zorro'),
 ('carolyne west','bombon'),
 ('carolyne west','mazagran'),
 ('catharine elkins','indonesian'),
 ('catherina hendrix','carajillo'),
 ('catherina hendrix','columbian'),
 ('catherina hendrix','guillermo'),
 ('catherina hendrix','instant'),
 ('catherina hendrix','ristretto'),
 ('catherina hendrix','venezuelan'),
 ('catherina hendrix','viennese'),
 ('cathy key','indonesian'),
 ('cathy key','marocchino'),
 ('cathy key','mazagran'),
 ('cathy key','palazzo'),
 ('catrice kelly','antoccino'),
 ('catrice kelly','mazagran'),
 ('cayla kennedy','espresso'),
 ('cayla kennedy','frappuccino'),
 ('cayla kennedy','guatemalan'),
 ('cayla kennedy','latte'),
 ('chantelle arnold','columbian'),
 ('charita larson','affogato'),
 ('charita larson','americano'),
 ('charita larson','au-lait'),
 ('charita larson','breve'),
 ('charita larson','guatemalan'),
 ('charla crum','columbian'),
 ('charla crum','folgers'),
 ('charla crum','frappuccino'),
 ('charla crum','guatemalan'),
 ('charla crum','instant'),
 ('charla crum','shakerato'),
 ('charla crum','touba'),
 ('charla crum','venezuelan'),
 ('charlotte griffin','antoccino'),
 ('charlotte griffin','mocha frappuccino'),
 ('charlotte griffin','rudesheimer'),
 ('charmain lindsay','botz'),
 ('charmain lindsay','columbian'),
 ('charmain lindsay','decaffeinated'),
 ('charmain lindsay','ethiopian'),
 ('charmain lindsay','marocchino'),
 ('charmain lindsay','medici'),
 ('charmain lindsay','rudesheimer'),
 ('charmain lindsay','zorro'),
 ('chasity sims','bombon'),
 ('chasity sims','cubano'),
 ('chasity sims','marocchino'),
 ('chasity sims','nicaraguan'),
 ('chasity sims','peruvian'),
 ('cherie gallegos','frappuccino'),
 ('cherie gallegos','galao'),
 ('cherie gallegos','gommosa'),
 ('cherie gallegos','mazagran'),
 ('cherie gallegos','palazzo'),
 ('cherie gallegos','sumatran'),
 ('cherie gallegos','viennese'),
 ('cindi walden','botz'),
 ('cindi walden','indonesian'),
 ('cindi walden','irish'),
 ('cindi walden','macchiato'),
 ('cindi walden','mocha frappuccino'),
 ('cindi walden','palazzo'),
 ('cindi walden','sumatran'),
 ('cindi walden','zorro'),
 ('clair horn','mazagran'),
 ('clair horn','mexican'),
 ('clair horn','nicaraguan'),
 ('clair horn','pharisaer'),
 ('clair horn','pocillo'),
 ('clarisa casey','americano'),
 ('clarisa casey','ethiopian'),
 ('clarisa casey','instant'),
 ('clarisa casey','medici'),
 ('clarisa casey','touba'),
 ('concha cowan','instant'),
 ('concha cowan','macchiato'),
 ('concha cowan','nicaraguan'),
 ('connie glover','bombon'),
 ('connie glover','breve'),
 ('connie glover','espresso'),
 ('connie glover','latte'),
 ('connie glover','macchiato'),
 ('connie glover','pocillo'),
 ('connie glover','ristretto'),
 ('connie glover','shakerato'),
 ('corey hammond','cortado'),
 ('corey hammond','folgers'),
 ('corey hammond','galao'),
 ('corey hammond','marocchino'),
 ('corey hammond','mazagran'),
 ('corey hammond','viennese'),
 ('cristi tran','americano'),
 ('cristi tran','carajillo'),
 ('cristi tran','columbian'),
 ('cristi tran','latte'),
 ('cristi tran','melya'),
 ('cristi tran','mocha'),
 ('cristi tran','zorro'),
 ('cristy bergeron','cortado'),
 ('cristy bergeron','decaffeinated'),
 ('cristy bergeron','guillermo'),
 ('cristy bergeron','irish'),
 ('cristy bergeron','mexican'),
 ('cristy bergeron','pocillo'),
 ('cristy bergeron','shakerato'),
 ('dallas sloan','espresso'),
 ('dallas sloan','viennese'),
 ('danette kerr','americano'),
 ('darcey mendez','antoccino'),
 ('darcey mendez','mocha'),
 ('darlena madden','folgers'),
 ('darlena madden','guillermo'),
 ('daryl shaffer','ethiopian'),
 ('daryl shaffer','folgers'),
 ('daryl shaffer','galao'),
 ('daryl shaffer','medici'),
 ('daryl shaffer','nicaraguan'),
 ('daryl shaffer','viennese'),
 ('deb saunders','mocha'),
 ('deb saunders','palazzo'),
 ('deb saunders','venezuelan'),
 ('deborah wooten','antoccino'),
 ('deborah wooten','decaffeinated'),
 ('deborah wooten','espresso'),
 ('deborah wooten','galao'),
 ('deborah wooten','kona'),
 ('deborah wooten','mocha frappuccino'),
 ('deborah wooten','pocillo'),
 ('deborah wooten','ristretto'),
 ('debroah cummings','costa rican'),
 ('debroah cummings','rudesheimer'),
 ('deidra gill','americano'),
 ('deidra gill','au-lait'),
 ('deidra gill','canned'),
 ('deidra gill','cubano'),
 ('deidra gill','ethiopian'),
 ('deidra gill','mazagran'),
 ('deidra gill','peruvian'),
 ('deidra gill','touba'),
 ('deidre buck','antoccino'),
 ('deidre buck','frappuccino'),
 ('deidre buck','marocchino'),
 ('deidre buck','mazagran'),
 ('deidre buck','melya'),
 ('deidre buck','mexican'),
 ('deidre buck','mocha frappuccino'),
 ('deidre buck','rudesheimer'),
 ('deneen kessler','canned'),
 ('deneen kessler','cappuccino'),
 ('deneen kessler','cubano'),
 ('deneen kessler','ethiopian'),
 ('deneen kessler','marocchino'),
 ('deneen kessler','melya'),
 ('deneen kessler','sumatran'),
 ('dianne yarbrough','canned'),
 ('dianne yarbrough','decaffeinated'),
 ('dianne yarbrough','irish'),
 ('dianne yarbrough','melya'),
 ('dierdre maddox','americano'),
 ('dierdre maddox','au-lait'),
 ('dierdre maddox','breve'),
 ('dierdre maddox','cubano'),
 ('dierdre maddox','ethiopian'),
 ('dierdre maddox','mexican'),
 ('dierdre maddox','nicaraguan'),
 ('dierdre maddox','touba'),
 ('donetta long','affogato'),
 ('donetta long','costa rican'),
 ('donetta long','cubano'),
 ('donetta long','galao'),
 ('donetta long','iced'),
 ('donetta long','irish'),
 ('donetta long','mazagran'),
 ('dorinda macdonald','carajillo'),
 ('dorinda macdonald','espresso'),
 ('dorinda macdonald','instant'),
 ('dorinda macdonald','latte'),
 ('dorthea rogers','botz'),
 ('dorthea rogers','folgers'),
 ('dorthea rogers','palazzo'),
 ('dorthea rogers','rudesheimer'),
 ('dorthey bland','americano'),
 ('dorthey bland','bombon'),
 ('dorthey bland','cortado'),
 ('dorthey bland','iced'),
 ('dorthey bland','melya'),
 ('dorthey bland','mocha'),
 ('dorthey bland','pocillo'),
 ('dorthey bland','venezuelan'),
 ('drucilla milton','carajillo'),
 ('drucilla milton','galao'),
 ('drucilla milton','guatemalan'),
 ('drucilla milton','iced'),
 ('drucilla milton','macchiato'),
 ('drucilla milton','palazzo'),
 ('drucilla milton','shakerato'),
 ('drucilla milton','viennese'),
 ('dung reeves','bombon'),
 ('dung reeves','botz'),
 ('dung reeves','cortado'),
 ('dung reeves','iced'),
 ('dung reeves','palazzo'),
 ('dung reeves','rudesheimer'),
 ('dwana blackwell','costa rican'),
 ('dwana blackwell','galao'),
 ('dwana blackwell','gommosa'),
 ('dwana blackwell','indonesian'),
 ('dwana blackwell','pharisaer'),
 ('dwana blackwell','touba'),
 ('earlean whitney','mexican'),
 ('eboni christian','affogato'),
 ('eboni christian','antoccino'),
 ('eboni christian','bombon'),
 ('eboni christian','indonesian'),
 ('eboni christian','kona'),
 ('eboni christian','medici'),
 ('eboni christian','rudesheimer'),
 ('eboni christian','touba'),
 ('edith ross','breve'),
 ('edith ross','cubano'),
 ('edith ross','espresso'),
 ('edith ross','melya'),
 ('edith ross','touba'),
 ('eleanor bartlett','americano'),
 ('eleanor bartlett','botz'),
 ('eleanor bartlett','costa rican'),
 ('eleanor bartlett','pocillo'),
 ('eleanor bartlett','rudesheimer'),
 ('elina rojas','melya'),
 ('elina rojas','nicaraguan'),
 ('elly bullock','antoccino'),
 ('elly bullock','frappuccino'),
 ('elly bullock','galao'),
 ('elly bullock','guatemalan'),
 ('elly bullock','kona'),
 ('elly bullock','nicaraguan'),
 ('elly bullock','palazzo'),
 ('elouise riley','antoccino'),
 ('elouise riley','cortado'),
 ('elouise riley','espresso'),
 ('elouise riley','medici'),
 ('elouise riley','pharisaer'),
 ('elouise riley','pocillo'),
 ('epifania lester','cappuccino'),
 ('epifania lester','columbian'),
 ('epifania lester','cubano'),
 ('epifania lester','gommosa'),
 ('epifania lester','mazagran'),
 ('epifania lester','medici'),
 ('epifania lester','viennese'),
 ('erma gonzales','au-lait'),
 ('erma gonzales','macchiato'),
 ('erma gonzales','marocchino'),
 ('erma gonzales','nicaraguan'),
 ('erma gonzales','pharisaer'),
 ('erma gonzales','rudesheimer'),
 ('ernestina tracy','columbian'),
 ('ernestina tracy','espresso'),
 ('ernestina tracy','frappuccino'),
 ('ernestina tracy','guillermo'),
 ('ernestina tracy','indonesian'),
 ('ernestina tracy','medici'),
 ('ernestina tracy','melya'),
 ('ernestina tracy','sumatran'),
 ('ernestina tracy','venezuelan'),
 ('esta solis','columbian'),
 ('esta solis','shakerato'),
 ('estela talley','affogato'),
 ('estela talley','americano'),
 ('estela talley','antoccino'),
 ('estela talley','instant'),
 ('estela talley','kona'),
 ('estela talley','latte'),
 ('estela talley','marocchino'),
 ('estela talley','mexican'),
 ('estela talley','ristretto'),
 ('felice dunn','mexican'),
 ('felice dunn','sumatran'),
 ('felicitas kaufman','au-lait'),
 ('felicitas kaufman','columbian'),
 ('felicitas kaufman','marocchino'),
 ('felicitas kaufman','mocha'),
 ('felicitas kaufman','nicaraguan'),
 ('felicitas kaufman','ristretto'),
 ('felicitas kaufman','zorro'),
 ('florine hanson','melya'),
 ('florine hanson','pocillo'),
 ('florine hanson','rudesheimer'),
 ('gay seymour','medici'),
 ('gay seymour','peruvian'),
 ('gena christopher','americano'),
 ('gena christopher','bombon'),
 ('gena christopher','guatemalan'),
 ('gena christopher','kona'),
 ('gena christopher','zorro'),
 ('genevie mullins','costa rican'),
 ('genevie mullins','ethiopian'),
 ('genevie mullins','indonesian'),
 ('genevie mullins','pocillo'),
 ('gina cox','mexican'),
 ('grisel duncan','au-lait'),
 ('grisel duncan','canned'),
 ('grisel duncan','cortado'),
 ('grisel duncan','medici'),
 ('grisel duncan','melya'),
 ('grisel duncan','mocha frappuccino'),
 ('grisel duncan','rudesheimer'),
 ('grisel duncan','viennese'),
 ('hattie calderon','iced'),
 ('hattie calderon','touba'),
 ('hermila berry','americano'),
 ('hermila berry','bombon'),
 ('hermila berry','melya'),
 ('hermila berry','mocha frappuccino'),
 ('hermila berry','ristretto'),
 ('hwa waters','antoccino'),
 ('hwa waters','bombon'),
 ('hwa waters','botz'),
 ('hwa waters','medici'),
 ('hwa waters','mocha'),
 ('hwa waters','palazzo'),
 ('hwa waters','pharisaer'),
 ('hwa waters','pocillo'),
 ('hwa waters','touba'),
 ('idell guy','iced'),
 ('idell guy','indonesian'),
 ('idell guy','mocha'),
 ('idell guy','pharisaer'),
 ('idell guy','ristretto'),
 ('idell guy','sumatran'),
 ('idell guy','viennese'),
 ('ingrid dawson','americano'),
 ('ingrid dawson','carajillo'),
 ('ingrid dawson','galao'),
 ('ingrid dawson','mocha'),
 ('ingrid dawson','peruvian'),
 ('ingrid dawson','pocillo'),
 ('ingrid dawson','rudesheimer'),
 ('iola murphy','americano'),
 ('iola murphy','cubano'),
 ('iola murphy','touba'),
 ('iraida lambert','antoccino'),
 ('iraida lambert','botz'),
 ('iraida lambert','frappuccino'),
 ('iraida lambert','instant'),
 ('iraida lambert','kona'),
 ('iraida lambert','mexican'),
 ('iraida lambert','pocillo'),
 ('iraida lambert','zorro'),
 ('isabelle curry','carajillo'),
 ('isabelle curry','cubano'),
 ('isabelle curry','doppio'),
 ('isabelle curry','mazagran'),
 ('isabelle curry','peruvian'),
 ('isidra ayers','antoccino'),
 ('isidra ayers','macchiato'),
 ('jamee woodward','botz'),
 ('jamee woodward','cappuccino'),
 ('jamee woodward','cortado'),
 ('jamee woodward','doppio'),
 ('jamee woodward','guatemalan'),
 ('jamee woodward','irish'),
 ('jamee woodward','peruvian'),
 ('jamee woodward','pocillo'),
 ('january mcdermott','costa rican'),
 ('jeanna olson','zorro'),
 ('jennefer roberson','au-lait'),
 ('jennefer roberson','columbian'),
 ('jennefer roberson','espresso'),
 ('jennefer roberson','galao'),
 ('jennefer roberson','guatemalan'),
 ('jennefer roberson','instant'),
 ('jennefer roberson','melya'),
 ('jennefer roberson','pharisaer'),
 ('jennefer roberson','venezuelan'),
 ('jinny hoskins','antoccino'),
 ('jinny hoskins','au-lait'),
 ('jinny hoskins','zorro'),
 ('joane baldwin','au-lait'),
 ('joane baldwin','instant'),
 ('joane baldwin','kona'),
 ('joane baldwin','nicaraguan'),
 ('joane baldwin','pharisaer'),
 ('joane baldwin','venezuelan'),
 ('joane baldwin','zorro'),
 ('jodee grant','decaffeinated'),
 ('jodee grant','irish'),
 ('jodee grant','viennese'),
 ('joette sutton','breve'),
 ('joie schneider','decaffeinated'),
 ('joie schneider','doppio'),
 ('joie schneider','ethiopian'),
 ('joie schneider','pocillo'),
 ('joie schneider','rudesheimer'),
 ('joie schneider','touba'),
 ('jolene whitehead','carajillo'),
 ('jolene whitehead','medici'),
 ('jolie suarez','cappuccino'),
 ('jolie suarez','columbian'),
 ('jolie suarez','marocchino'),
 ('jone lockhart','cortado'),
 ('jone lockhart','costa rican'),
 ('jone lockhart','instant'),
 ('jone lockhart','marocchino'),
 ('jone lockhart','medici'),
 ('jone lockhart','mocha'),
 ('jone lockhart','touba'),
 ('julene blackburn','folgers'),
 ('julene blackburn','guatemalan'),
 ('julene blackburn','iced'),
 ('julene blackburn','mazagran'),
 ('julene blackburn','pharisaer'),
 ('julene blackburn','viennese'),
 ('julianna barry','carajillo'),
 ('kacey rivers','columbian'),
 ('kacey rivers','cortado'),
 ('kacey rivers','guillermo'),
 ('kacey rivers','macchiato'),
 ('kacie orr','nicaraguan'),
 ('kacie orr','sumatran'),
 ('karissa irwin','canned'),
 ('karissa irwin','gommosa'),
 ('karissa irwin','irish'),
 ('karissa irwin','mazagran'),
 ('karissa irwin','mexican'),
 ('karma john','antoccino'),
 ('karma john','canned'),
 ('karma john','cortado'),
 ('karma john','cubano'),
 ('karma john','doppio'),
 ('karma john','iced'),
 ('karma john','irish'),
 ('karma john','melya'),
 ('karma john','pocillo'),
 ('kathryne cherry','instant'),
 ('kathryne cherry','irish'),
 ('kathryne cherry','medici'),
 ('kathryne cherry','pharisaer'),
 ('kathryne cherry','viennese'),
 ('kathy best','americano'),
 ('kathy best','botz'),
 ('kathy best','decaffeinated'),
 ('kathy best','instant'),
 ('kathy best','latte'),
 ('kathy best','viennese'),
 ('katia deleon','bombon'),
 ('katia deleon','shakerato'),
 ('keith whitley','decaffeinated'),
 ('keith whitley','indonesian'),
 ('keith whitley','irish'),
 ('keith whitley','marocchino'),
 ('keith whitley','mazagran'),
 ('keith whitley','melya'),
 ('keith whitley','sumatran'),
 ('keith whitley','touba'),
 ('kimber goodman','affogato'),
 ('kimber goodman','americano'),
 ('kimber goodman','folgers'),
 ('kimber goodman','medici'),
 ('kimber goodman','mexican'),
 ('kimberley lindsey','antoccino'),
 ('kimberley lindsey','cortado'),
 ('kit stafford','bombon'),
 ('kit stafford','breve'),
 ('kit stafford','cappuccino'),
 ('kit stafford','folgers'),
 ('kit stafford','melya'),
 ('kit stafford','mexican'),
 ('kit stafford','sumatran'),
 ('kit stafford','zorro'),
 ('krishna neely','breve'),
 ('krishna neely','cortado'),
 ('krishna neely','indonesian'),
 ('krishna neely','irish'),
 ('krishna neely','macchiato'),
 ('krishna neely','melya'),
 ('krishna neely','mocha'),
 ('krishna neely','nicaraguan'),
 ('krishna neely','zorro'),
 ('kristian adkins','columbian'),
 ('kristian adkins','cortado'),
 ('kristian adkins','decaffeinated'),
 ('kristian adkins','doppio'),
 ('kristian adkins','guillermo'),
 ('kristian adkins','irish'),
 ('kristian adkins','rudesheimer'),
 ('krysta daniels','decaffeinated'),
 ('krysta daniels','guillermo'),
 ('kyra childs','guillermo'),
 ('kyra childs','melya'),
 ('lane beck','au-lait'),
 ('lane beck','cappuccino'),
 ('lane beck','mocha frappuccino'),
 ('lane beck','shakerato'),
 ('lashawn bush','affogato'),
 ('lashawn bush','columbian'),
 ('lashawn bush','costa rican'),
 ('lashawn bush','peruvian'),
 ('lashawn bush','ristretto'),
 ('lashawn bush','rudesheimer'),
 ('lashawn bush','shakerato'),
 ('latasha childers','au-lait'),
 ('latosha mueller','doppio'),
 ('latosha mueller','mocha frappuccino'),
 ('latosha mueller','shakerato'),
 ('latrina tyler','botz'),
 ('latrina tyler','ethiopian'),
 ('latrina tyler','frappuccino'),
 ('latrina tyler','kona'),
 ('latrina tyler','latte'),
 ('latrina tyler','medici'),
 ('latrina tyler','melya'),
 ('latrina tyler','nicaraguan'),
 ('latrina tyler','zorro'),
 ('lauralee webster','americano'),
 ('lauralee webster','doppio'),
 ('lauralee webster','instant'),
 ('lauralee webster','rudesheimer'),
 ('lauralee webster','shakerato'),
 ('lauralee webster','venezuelan'),
 ('lavinia pearson','bombon'),
 ('lavinia pearson','frappuccino'),
 ('leeanne marshall','decaffeinated'),
 ('leeanne marshall','irish'),
 ('leia dalton','palazzo'),
 ('leia dalton','sumatran'),
 ('leigha ashley','cappuccino'),
 ('leigha ashley','decaffeinated'),
 ('leigha ashley','ethiopian'),
 ('leigha ashley','frappuccino'),
 ('leigha ashley','iced'),
 ('leigha ashley','marocchino'),
 ('leigha ashley','melya'),
 ('leigha ashley','mocha'),
 ('leigha ashley','venezuelan'),
 ('lenita akers','peruvian'),
 ('lenore williams','folgers'),
 ('lenore williams','gommosa'),
 ('lenore williams','marocchino'),
 ('lenore williams','mocha frappuccino'),
 ('lenore williams','sumatran'),
 ('leola shoemaker','au-lait'),
 ('leola shoemaker','bombon'),
 ('leola shoemaker','cortado'),
 ('leola shoemaker','gommosa'),
 ('leola shoemaker','indonesian'),
 ('leola shoemaker','irish'),
 ('leola shoemaker','nicaraguan'),
 ('leola shoemaker','palazzo'),
 ('lesia calhoun','carajillo'),
 ('lesia calhoun','mazagran'),
 ('lesia calhoun','viennese'),
 ('lesia calhoun','zorro'),
 ('lilliam thornton','guillermo'),
 ('lilliam thornton','iced'),
 ('lilliam thornton','indonesian'),
 ('lilliam thornton','melya'),
 ('lilliam thornton','mocha frappuccino'),
 ('lilliam thornton','palazzo'),
 ('lilliam thornton','zorro'),
 ('lisandra gibbs','americano'),
 ('lisandra gibbs','cortado'),
 ('lisandra gibbs','cubano'),
 ('lisandra gibbs','doppio'),
 ('lisandra gibbs','frappuccino'),
 ('lisandra gibbs','indonesian'),
 ('lisandra gibbs','touba'),
 ('lise cotton','frappuccino'),
 ('lise cotton','latte'),
 ('lise cotton','mazagran'),
 ('lise cotton','viennese'),
 ('lissette slaughter','canned'),
 ('lissette slaughter','iced'),
 ('lissette slaughter','medici'),
 ('lissette slaughter','ristretto'),
 ('lissette slaughter','venezuelan'),
 ('loma lawson','carajillo'),
 ('loma lawson','iced'),
 ('loma lawson','melya'),
 ('loma lawson','ristretto'),
 ('loma lawson','zorro'),
 ('lonnie davenport','cortado'),
 ('lonnie davenport','costa rican'),
 ('lonnie davenport','marocchino'),
 ('loreen sears','cappuccino'),
 ('loreen sears','espresso'),
 ('loreen sears','instant'),
 ('loreen sears','macchiato'),
 ('loreen sears','marocchino'),
 ('loreen sears','touba'),
 ('loreen sears','viennese'),
 ('lorette eaton','affogato'),
 ('lorette eaton','ethiopian'),
 ('lorette eaton','guillermo'),
 ('lorette eaton','irish'),
 ('lorette eaton','kona'),
 ('lorette eaton','medici'),
 ('lorette eaton','sumatran'),
 ('lorette eaton','venezuelan'),
 ('lorie hardin','cappuccino'),
 ('lorie hardin','doppio'),
 ('lorie hardin','frappuccino'),
 ('lorie hardin','mazagran'),
 ('lorie hardin','shakerato'),
 ('lorie hardin','venezuelan'),
 ('lourie jennings','affogato'),
 ('lourie jennings','cappuccino'),
 ('lourie jennings','folgers'),
 ('lourie jennings','frappuccino'),
 ('lourie jennings','touba'),
 ('love wheeler','decaffeinated'),
 ('love wheeler','doppio'),
 ('love wheeler','palazzo'),
 ('lucille lang','pocillo'),
 ('lynne shaw','decaffeinated'),
 ('lynne shaw','folgers'),
 ('lynne shaw','macchiato'),
 ('lynne shaw','nicaraguan'),
 ('lynne shaw','touba'),
 ('madalene sharp','breve'),
 ('madalene sharp','cappuccino'),
 ('madalene sharp','folgers'),
 ('madalene sharp','macchiato'),
 ('madalene sharp','marocchino'),
 ('madalene sharp','shakerato'),
 ('madalene sharp','touba'),
 ('malena blair','irish'),
 ('malena blair','shakerato'),
 ('malena blair','zorro'),
 ('marci diaz','cubano'),
 ('marci diaz','kona'),
 ('marci diaz','zorro'),
 ('marcia bray','bombon'),
 ('marcia bray','cortado'),
 ('marcia bray','costa rican'),
 ('marcia bray','cubano'),
 ('marcia bray','ethiopian'),
 ('marcia bray','instant'),
 ('margaretta hendricks','carajillo'),
 ('margaretta hendricks','guatemalan'),
 ('margaretta hendricks','peruvian'),
 ('mari mcginnis','ethiopian'),
 ('mari mcginnis','guillermo'),
 ('mari mcginnis','mexican'),
 ('mari mcginnis','touba'),
 ('mari mcginnis','venezuelan'),
 ('mariko foley','costa rican'),
 ('mariko foley','gommosa'),
 ('marin cooper','breve'),
 ('marin cooper','cappuccino'),
 ('marin cooper','costa rican'),
 ('marin cooper','iced'),
 ('marin cooper','mazagran'),
 ('marin cooper','pharisaer'),
 ('marin cooper','shakerato'),
 ('marin cooper','touba'),
 ('mario sexton','botz'),
 ('mario sexton','guillermo'),
 ('mario sexton','mexican'),
 ('mario sexton','shakerato'),
 ('mario sexton','zorro'),
 ('marla heard','espresso'),
 ('marla heard','galao'),
 ('maryam delaney','breve'),
 ('maryam delaney','cappuccino'),
 ('maryam delaney','guillermo'),
 ('maryam delaney','irish'),
 ('maryam delaney','kona'),
 ('maryam delaney','venezuelan'),
 ('maryellen hilton','mexican'),
 ('maryland workman','au-lait'),
 ('maryland workman','gommosa'),
 ('maryland workman','macchiato'),
 ('maryland workman','pocillo'),
 ('maryland workman','rudesheimer'),
 ('maryln meyer','au-lait'),
 ('maryln meyer','breve'),
 ('maryln meyer','costa rican'),
 ('maryln meyer','guatemalan'),
 ('maryln meyer','latte'),
 ('maryln meyer','melya'),
 ('maryln meyer','peruvian'),
 ('maryln meyer','pharisaer'),
 ('maryln meyer','sumatran'),
 ('matilde atkinson','espresso'),
 ('matilde atkinson','mocha frappuccino'),
 ('matilde atkinson','ristretto'),
 ('matilde atkinson','touba'),
 ('maud buckner','cortado'),
 ('maud buckner','mocha frappuccino'),
 ('maud buckner','nicaraguan'),
 ('maybelle thompson','rudesheimer'),
 ('maybelle thompson','shakerato'),
 ('maybelle thompson','touba'),
 ('melania branch','bombon'),
 ('melania branch','galao'),
 ('melania branch','iced'),
 ('melania branch','medici'),
 ('melania branch','nicaraguan'),
 ('melisa rucker','canned'),
 ('melisa rucker','cappuccino'),
 ('melisa rucker','costa rican'),
 ('melisa rucker','espresso'),
 ('melisa rucker','melya'),
 ('melisa rucker','mocha'),
 ('melvina ellison','guatemalan'),
 ('melvina ellison','instant'),
 ('meridith cochran','ethiopian'),
 ('meridith cochran','iced'),
 ('meridith cochran','melya'),
 ('meridith cochran','pharisaer'),
 ('meridith cochran','viennese'),
 ('meta richardson','au-lait'),
 ('meta richardson','espresso'),
 ('meta richardson','guatemalan'),
 ('meta richardson','mocha'),
 ('meta richardson','pharisaer'),
 ('meta richardson','pocillo'),
 ('meta richardson','zorro'),
 ('michelina reyes','affogato'),
 ('michelina reyes','antoccino'),
 ('michelina reyes','bombon'),
 ('michelina reyes','cappuccino'),
 ('michelina reyes','folgers'),
 ('michelina reyes','galao'),
 ('michelina reyes','guatemalan'),
 ('michelina reyes','mazagran'),
 ('michelina reyes','mexican'),
 ('michiko ray','breve'),
 ('michiko ray','cubano'),
 ('michiko ray','marocchino'),
 ('michiko ray','medici'),
 ('michiko ray','ristretto'),
 ('milda cobb','au-lait'),
 ('milda cobb','mexican'),
 ('milda cobb','venezuelan'),
 ('minda farmer','columbian'),
 ('minda farmer','folgers'),
 ('minda farmer','gommosa'),
 ('minda farmer','instant'),
 ('minda farmer','palazzo'),
 ('minda farmer','ristretto'),
 ('monika bowling','antoccino'),
 ('monika bowling','breve'),
 ('monika bowling','cortado'),
 ('myrle polk','carajillo'),
 ('myrle polk','columbian'),
 ('myrle polk','instant'),
 ('myrle polk','melya'),
 ('noma harris','canned'),
 ('noma harris','mazagran'),
 ('nona joyner','gommosa'),
 ('nona joyner','iced'),
 ('nona joyner','mexican'),
 ('nona joyner','touba'),
 ('noreen wall','columbian'),
 ('noreen wall','costa rican'),
 ('noreen wall','decaffeinated'),
 ('noreen wall','guillermo'),
 ('noreen wall','irish'),
 ('noreen wall','kona'),
 ('noreen wall','latte'),
 ('norma stanton','guatemalan'),
 ('norma stanton','iced'),
 ('norma stanton','medici'),
 ('norma stanton','mocha'),
 ('norma stanton','nicaraguan'),
 ('norma stanton','venezuelan'),
 ('odelia olsen','cubano'),
 ('odelia olsen','doppio'),
 ('odelia olsen','instant'),
 ('odelia olsen','pharisaer'),
 ('palmira mitchell','ethiopian'),
 ('palmira mitchell','kona'),
 ('palmira mitchell','marocchino'),
 ('palmira mitchell','mazagran'),
 ('palmira mitchell','medici'),
 ('patsy holt','au-lait'),
 ('patsy holt','galao'),
 ('patsy holt','guatemalan'),
 ('patsy holt','irish'),
 ('patsy holt','medici'),
 ('patsy holt','nicaraguan'),
 ('patsy holt','sumatran'),
 ('patsy holt','venezuelan'),
 ('petronila floyd','bombon'),
 ('petronila floyd','cortado'),
 ('petronila floyd','decaffeinated'),
 ('petronila floyd','espresso'),
 ('petronila floyd','galao'),
 ('petronila floyd','mazagran'),
 ('princess collier','frappuccino'),
 ('princess collier','guatemalan'),
 ('randee felix','decaffeinated'),
 ('randee felix','folgers'),
 ('randee felix','irish'),
 ('randee felix','rudesheimer'),
 ('renna beasley','antoccino'),
 ('renna beasley','cortado'),
 ('renna beasley','guatemalan'),
 ('renna beasley','instant'),
 ('renna beasley','mexican'),
 ('renna beasley','pharisaer'),
 ('renna beasley','pocillo'),
 ('renna beasley','sumatran'),
 ('ressie rangel','guatemalan'),
 ('ressie rangel','latte'),
 ('ressie rangel','mocha frappuccino'),
 ('ressie rangel','ristretto'),
 ('ressie rangel','rudesheimer'),
 ('ressie rangel','touba'),
 ('rhea wilder','cortado'),
 ('rhea wilder','latte'),
 ('rhea wilder','nicaraguan'),
 ('rhea wilder','palazzo'),
 ('rhea wilder','shakerato'),
 ('ria martinez','cubano'),
 ('ria martinez','ethiopian'),
 ('ria martinez','kona'),
 ('ria martinez','mocha frappuccino'),
 ('ria martinez','palazzo'),
 ('ria martinez','viennese'),
 ('rina lancaster','guatemalan'),
 ('rina lancaster','melya'),
 ('rina lancaster','pharisaer'),
 ('ronnie puckett','mocha frappuccino'),
 ('rosa dean','sumatran'),
 ('rosa dean','viennese'),
 ('rosalba kirkpatrick','au-lait'),
 ('rosalba kirkpatrick','botz'),
 ('rosalba kirkpatrick','espresso'),
 ('rosalba kirkpatrick','gommosa'),
 ('royce atkins','decaffeinated'),
 ('sabrina day','cappuccino'),
 ('sabrina day','touba'),
 ('sadie hughes','affogato'),
 ('sally torres','ethiopian'),
 ('sally torres','iced'),
 ('sally torres','mazagran'),
 ('sally torres','zorro'),
 ('scottie salas','costa rican'),
 ('sha pruitt','americano'),
 ('sha pruitt','gommosa'),
 ('sha pruitt','indonesian'),
 ('sha pruitt','macchiato'),
 ('sha pruitt','pharisaer'),
 ('sha pruitt','rudesheimer'),
 ('sha pruitt','shakerato'),
 ('shan richmond','antoccino'),
 ('shan richmond','botz'),
 ('shan richmond','carajillo'),
 ('shan richmond','medici'),
 ('shan richmond','mocha'),
 ('shan richmond','nicaraguan'),
 ('shan richmond','pharisaer'),
 ('shana sanders','antoccino'),
 ('shana sanders','cubano'),
 ('shana sanders','guillermo'),
 ('shana sanders','instant'),
 ('shana sanders','mocha frappuccino'),
 ('shaquita kim','bombon'),
 ('shaquita kim','indonesian'),
 ('shaunna hastings','folgers'),
 ('shaunna hastings','mazagran'),
 ('shaunna hastings','melya'),
 ('shaunna hastings','mexican'),
 ('shaunna hastings','mocha'),
 ('shaunna hastings','mocha frappuccino'),
 ('sheba preston','costa rican'),
 ('sheba preston','ethiopian'),
 ('sheba preston','folgers'),
 ('sheba preston','guillermo'),
 ('sheba preston','rudesheimer'),
 ('sherryl kemp','affogato'),
 ('sherryl kemp','botz'),
 ('sherryl kemp','cubano'),
 ('sherryl kemp','decaffeinated'),
 ('sherryl kemp','mexican'),
 ('sherryl kemp','mocha frappuccino'),
 ('sherryl kemp','pharisaer'),
 ('sherryl kemp','rudesheimer'),
 ('shirlene villarreal','breve'),
 ('shirlene villarreal','columbian'),
 ('shirlene villarreal','galao'),
 ('shirlene villarreal','mocha'),
 ('shirlene villarreal','mocha frappuccino'),
 ('shirlene villarreal','nicaraguan'),
 ('shirlene villarreal','pharisaer'),
 ('shirlene villarreal','rudesheimer'),
 ('shirlene villarreal','venezuelan'),
 ('silvana francis','frappuccino'),
 ('silvana francis','marocchino'),
 ('silvana francis','pocillo'),
 ('soledad farley','americano'),
 ('soledad farley','botz'),
 ('soledad farley','folgers'),
 ('soledad farley','frappuccino'),
 ('soledad farley','latte'),
 ('soledad farley','mazagran'),
 ('soledad farley','sumatran'),
 ('stefany steward','antoccino'),
 ('stefany steward','columbian'),
 ('stefany steward','guillermo'),
 ('stefany steward','latte'),
 ('stefany steward','mazagran'),
 ('stefany steward','ristretto'),
 ('stefany steward','rudesheimer'),
 ('stefany steward','shakerato'),
 ('stephani wilkins','cortado'),
 ('stephani wilkins','espresso'),
 ('stephani wilkins','galao'),
 ('stephani wilkins','guillermo'),
 ('stephani wilkins','indonesian'),
 ('stephani wilkins','latte'),
 ('tajuana neal','carajillo'),
 ('tajuana neal','cortado'),
 ('tajuana neal','decaffeinated'),
 ('tajuana neal','folgers'),
 ('tajuana neal','frappuccino'),
 ('tajuana neal','mexican'),
 ('tamera cramer','bombon'),
 ('tamera cramer','breve'),
 ('tamera cramer','columbian'),
 ('tamera cramer','ethiopian'),
 ('tamera cramer','frappuccino'),
 ('tamera cramer','melya'),
 ('tamera cramer','rudesheimer'),
 ('taunya simon','americano'),
 ('taunya simon','botz'),
 ('taunya simon','ethiopian'),
 ('taunya simon','frappuccino'),
 ('taunya simon','mocha frappuccino'),
 ('taunya simon','nicaraguan'),
 ('taunya simon','pocillo'),
 ('taunya simon','touba'),
 ('tawanna hamilton','canned'),
 ('temple hoffman','breve'),
 ('temple hoffman','canned'),
 ('temple hoffman','cappuccino'),
 ('temple hoffman','cortado'),
 ('temple hoffman','espresso'),
 ('temple hoffman','guillermo'),
 ('temple hoffman','instant'),
 ('temple hoffman','mocha frappuccino'),
 ('teresita phelps','affogato'),
 ('teresita phelps','au-lait'),
 ('teresita phelps','cortado'),
 ('teresita phelps','marocchino'),
 ('teresita phelps','mocha frappuccino'),
 ('teresita phelps','pharisaer'),
 ('theressa erickson','ethiopian'),
 ('thora quinn','antoccino'),
 ('thora quinn','cubano'),
 ('thora quinn','ethiopian'),
 ('thora quinn','mocha'),
 ('thora quinn','peruvian'),
 ('thora quinn','pocillo'),
 ('thresa ward','pharisaer'),
 ('thresa ward','ristretto'),
 ('toshia carr','antoccino'),
 ('toshia carr','macchiato'),
 ('toshia carr','medici'),
 ('toshia carr','mexican'),
 ('toya howell','columbian'),
 ('toya howell','cortado'),
 ('toya howell','espresso'),
 ('toya howell','folgers'),
 ('toya howell','gommosa'),
 ('toya howell','palazzo'),
 ('toya howell','peruvian'),
 ('toya howell','sumatran'),
 ('traci plummer','au-lait'),
 ('traci plummer','costa rican'),
 ('traci plummer','folgers'),
 ('traci plummer','irish'),
 ('traci plummer','nicaraguan'),
 ('trudie strickland','iced'),
 ('trudie strickland','instant'),
 ('trudie strickland','mazagran'),
 ('trudie strickland','mexican'),
 ('trudie strickland','rudesheimer'),
 ('tyra myers','americano'),
 ('tyra myers','columbian'),
 ('tyra myers','costa rican'),
 ('tyra myers','cubano'),
 ('tyra myers','guatemalan'),
 ('tyra myers','mocha'),
 ('tyra myers','pocillo'),
 ('tyra myers','sumatran'),
 ('valencia gaines','frappuccino'),
 ('valencia gaines','instant'),
 ('valencia gaines','rudesheimer'),
 ('valentine daugherty','affogato'),
 ('valentine daugherty','macchiato'),
 ('valentine daugherty','mexican'),
 ('valentine daugherty','sumatran'),
 ('valentine daugherty','touba'),
 ('valentine daugherty','zorro'),
 ('valorie kirk','iced'),
 ('vanesa dixon','antoccino'),
 ('vanesa dixon','columbian'),
 ('vanesa dixon','viennese'),
 ('vernice mason','canned'),
 ('vernice mason','doppio'),
 ('vernice mason','mazagran'),
 ('vernon estes','affogato'),
 ('vesta benjamin','canned'),
 ('vesta benjamin','columbian'),
 ('vesta benjamin','frappuccino'),
 ('vesta benjamin','kona'),
 ('vesta benjamin','latte'),
 ('vesta benjamin','mazagran'),
 ('vesta benjamin','pharisaer'),
 ('vesta benjamin','venezuelan'),
 ('vicky hodges','guatemalan'),
 ('vicky hodges','latte'),
 ('vicky hodges','sumatran'),
 ('vicky hodges','zorro'),
 ('whitley hardy','pocillo'),
 ('whitley hardy','sumatran'),
 ('xiao foster','canned'),
 ('xiao foster','cubano'),
 ('xiao foster','pharisaer'),
 ('yolanda goff','carajillo'),
 ('yolanda goff','costa rican'),
 ('yolanda goff','sumatran'),
 ('zaida haley','americano'),
 ('zaida haley','breve'),
 ('zaida haley','columbian'),
 ('zaida haley','doppio'),
 ('zaida haley','guillermo'),
 ('zaida haley','kona'),
 ('zaida haley','medici'),
 ('zaida haley','ristretto'),
 ('zenaida stewart','decaffeinated'),
 ('zenaida stewart','nicaraguan');
COMMIT;
